id,name,description,customAttrs,licenseIds
cmffjdfy40003gly6eactg0tn,Test Product,Test Description,{},[]
cmffjgfc5000iglp70keraogy,E-Commerce Platform,Modern e-commerce platform with advanced features for online retailers,"{""status"":""active"",""version"":""2.1.0"",""category"":""Web Application"",""industry"":""Retail"",""priority"":""High"",""technology"":""React, Node.js, PostgreSQL""}",[]
cmffjgfd3000lglp7pyrwy9kw,Mobile Banking Application,Secure mobile banking solution with biometric authentication and real-time transactions,"{""status"":""active"",""version"":""3.2.1"",""category"":""Mobile Application"",""industry"":""FinTech"",""priority"":""Critical"",""technology"":""React Native, Node.js""}",[]
cmffjgfeh000oglp7iqg00rqa,Customer Relationship Management,Advanced CRM system with AI-powered insights and automation,"{""status"":""development"",""version"":""1.5.3"",""category"":""Business Application"",""industry"":""Business Services"",""priority"":""Medium"",""technology"":""Angular, Spring Boot, MongoDB""}",[]
cmffjgffv000rglp7wt0t633j,Business Intelligence Dashboard,Real-time analytics and reporting platform with interactive visualizations,"{""status"":""active"",""version"":""2.0.0"",""category"":""Analytics Platform"",""industry"":""Analytics"",""priority"":""Medium"",""technology"":""Vue.js, Python, Elasticsearch""}",[]
cmffjgfgz000uglp75oxfando,Healthcare Management System,Comprehensive healthcare management solution for hospitals and clinics,"{""status"":""development"",""version"":""1.0.0"",""category"":""Healthcare Application"",""industry"":""Healthcare"",""priority"":""High"",""technology"":""React, .NET Core, SQL Server""}",[]
cmffjp81m000ogls494fftrnj,E-Commerce Platform - EDITED,Modern e-commerce platform with advanced features for online retailers [UPDATED by GUI Test Studio at 11:11:43 AM] - This product has been comprehensively updated with all available attributes modified for thorough testing.,"{""status"":""active"",""version"":""v1.0"",""category"":""Web Application"",""editedBy"":""GUI Test Studio"",""industry"":""Retail"",""priority"":""High"",""editCount"":1,""lastEdited"":""2025-09-11T15:11:43.204Z"",""technology"":""React, Node.js, PostgreSQL"",""editTimestamp"":1757603503204,""testAttributes"":{""testType"":""full-attribute-edit"",""comprehensive"":true,""allFieldsModified"":true},""testEnvironment"":""GUI Test Studio""}",[]
cmffjp82n000rgls4itz490um,Mobile Banking Application,Secure mobile banking solution with biometric authentication and real-time transactions,"{""status"":""active"",""version"":""3.2.1"",""category"":""Mobile Application"",""industry"":""FinTech"",""priority"":""Critical"",""technology"":""React Native, Node.js""}",[]
cmffjp83t000ugls4uhv8806n,Customer Relationship Management,Advanced CRM system with AI-powered insights and automation,"{""status"":""development"",""version"":""1.5.3"",""category"":""Business Application"",""industry"":""Business Services"",""priority"":""Medium"",""technology"":""Angular, Spring Boot, MongoDB""}",[]
cmffjp84x000xgls4c5mm0x8u,Business Intelligence Dashboard,Real-time analytics and reporting platform with interactive visualizations,"{""status"":""active"",""version"":""2.0.0"",""category"":""Analytics Platform"",""industry"":""Analytics"",""priority"":""Medium"",""technology"":""Vue.js, Python, Elasticsearch""}",[]
cmffjp8640010gls4h2eqxhi5,Healthcare Management System,Comprehensive healthcare management solution for hospitals and clinics,"{""status"":""development"",""version"":""1.0.0"",""category"":""Healthcare Application"",""industry"":""Healthcare"",""priority"":""High"",""technology"":""React, .NET Core, SQL Server""}",[]
cmffjqt58009bgls4p8p2m2ms,Test Product 1757603500640 - EDITED,This is a test product created by the GUI Test Studio for validation purposes. [UPDATED by GUI Test Studio at 11:25:41 AM] - This product has been comprehensively updated with all available attributes modified for thorough testing.,"{""status"":""active"",""version"":""v1.0"",""category"":""Test Category"",""editedBy"":""GUI Test Studio"",""priority"":""High"",""createdAt"":""2025-09-11T15:11:40.640Z"",""createdBy"":""GUI Test Studio"",""editCount"":1,""lastEdited"":""2025-09-11T15:25:41.359Z"",""testCreated"":true,""editTimestamp"":1757604341359,""testAttributes"":{""testType"":""full-attribute-edit"",""comprehensive"":true,""allFieldsModified"":true},""testEnvironment"":""GUI Test Studio""}",[]
cmffk5jxj0000glh50hjgp8mr,Test Product,Test product for licensing,{},"[""cmffk5ozw0004glh5isf7tw0v""]"
cmffk891d001ngldfeuuvidly,E-Commerce Platform,Modern e-commerce platform with advanced features for online retailers,"{""status"":""active"",""version"":""v1.0"",""category"":""Web Application"",""editedBy"":""GUI Test Studio"",""industry"":""Retail"",""priority"":""High"",""editCount"":1,""lastEdited"":""2025-09-11T15:26:18.546Z"",""technology"":""React, Node.js, PostgreSQL"",""editTimestamp"":1757604378546,""testAttributes"":{""testType"":""full-attribute-edit"",""comprehensive"":true,""allFieldsModified"":true},""testEnvironment"":""GUI Test Studio""}","[""cmffk89b30023gldf1xi0nkwp"",""cmffk89c70027gldfl6t8pqq1"",""cmffk89d6002bgldf9wu07mwy""]"
cmffk8966001qgldf6j5xzinj,Mobile Banking Application,Secure mobile banking solution with biometric authentication and real-time transactions,"{""status"":""active"",""version"":""3.2.1"",""category"":""Mobile Application"",""industry"":""FinTech"",""priority"":""Critical"",""technology"":""React Native, Node.js""}","[""cmffk89ek002fgldfdj30u70z"",""cmffk89fr002jgldfiqel91yg"",""cmffk89h1002ngldflpzc1zqm""]"
cmffk8977001tgldf9yza87mp,Customer Relationship Management,Advanced CRM system with AI-powered insights and automation,"{""status"":""development"",""version"":""1.5.3"",""category"":""Business Application"",""industry"":""Business Services"",""priority"":""Medium"",""technology"":""Angular, Spring Boot, MongoDB""}","[""cmffk89i2002rgldf4t44bdsa"",""cmffk89iv002vgldfob6q1g2o"",""cmffk89jj002zgldfo0gji325""]"
cmffk898f001wgldflie00ims,Business Intelligence Dashboard,Real-time analytics and reporting platform with interactive visualizations,"{""status"":""active"",""version"":""2.0.0"",""category"":""Analytics Platform"",""industry"":""Analytics"",""priority"":""Medium"",""technology"":""Vue.js, Python, Elasticsearch""}","[""cmffk89k40033gldfr18c26fp"",""cmffk89kr0037gldfuab5bpuy"",""cmffk89lc003bgldfh8hdx9z8""]"
cmffk899q001zgldfakxd2hui,Healthcare Management System,Comprehensive healthcare management solution for hospitals and clinics,"{""status"":""development"",""version"":""1.0.0"",""category"":""Healthcare Application"",""industry"":""Healthcare"",""priority"":""High"",""technology"":""React, .NET Core, SQL Server""}","[""cmffk89lu003fgldfmvm43s00"",""cmffk89md003jgldf0wugamng"",""cmffk89mx003ngldfe4t8tu59""]"
cmffk8ryw00bmgldfyk28yczp,Test Product 1757604338872,This is a test product created by the GUI Test Studio for validation purposes.,"{""status"":""active"",""category"":""Test Category"",""priority"":""High"",""createdAt"":""2025-09-11T15:25:38.872Z"",""createdBy"":""GUI Test Studio"",""testCreated"":true}",[]
cmffk9knq00c4gldf35ulll6y,Test Product 1757604376047,This is a test product created by the GUI Test Studio for validation purposes.,"{""status"":""active"",""category"":""Test Category"",""priority"":""High"",""createdAt"":""2025-09-11T15:26:16.047Z"",""createdBy"":""GUI Test Studio"",""testCreated"":true}",[]
cmffkcoul00crgldfmo1iu96d,Test Product for License,Testing license creation,{},"[""cmffkctz900cvgldf3k4madyt""]"
cmffkfw7t00cygldf6hqzhafo,Test Product 2,Second test product,{},"[""cmffkg11200d2gldfolgz52np""]"
cmffki31i0002gldqtgisjs0f,Complete Test Product,Testing complete workflow,{},"[""cmffki7640006gldqqupvfupr""]"
cmffkjhen001nglyzd3cykavi,E-Commerce Platform - EDITED,Modern e-commerce platform with advanced features for online retailers [UPDATED by GUI Test Studio at 11:35:24 AM] - This product has been comprehensively updated with all available attributes modified for thorough testing.,"{""status"":""active"",""version"":""v1.0"",""category"":""Web Application"",""editedBy"":""GUI Test Studio"",""industry"":""Retail"",""priority"":""High"",""editCount"":1,""lastEdited"":""2025-09-11T15:35:24.220Z"",""technology"":""React, Node.js, PostgreSQL"",""editTimestamp"":1757604924220,""testAttributes"":{""testType"":""full-attribute-edit"",""comprehensive"":true,""allFieldsModified"":true},""testEnvironment"":""GUI Test Studio""}","[""cmffkjhl80023glyz2i82phwz"",""cmffkjhlq0027glyzb31fbz6o"",""cmffkjhm7002bglyzh6r2uswr""]"
cmffkjhj3001qglyzj1auouvq,Mobile Banking Application,Secure mobile banking solution with biometric authentication and real-time transactions,"{""status"":""active"",""version"":""3.2.1"",""category"":""Mobile Application"",""industry"":""FinTech"",""priority"":""Critical"",""technology"":""React Native, Node.js""}","[""cmffkjhmv002fglyznhly4vy7"",""cmffkjhnh002jglyz5eqpvo1y"",""cmffkjhnv002nglyzkdht9ybu""]"
cmffkjhjm001tglyzhlf2s7o3,Customer Relationship Management,Advanced CRM system with AI-powered insights and automation,"{""status"":""development"",""version"":""1.5.3"",""category"":""Business Application"",""industry"":""Business Services"",""priority"":""Medium"",""technology"":""Angular, Spring Boot, MongoDB""}","[""cmffkjhoe002rglyzr9rbzki4"",""cmffkjhov002vglyz4wf2uo8b"",""cmffkjhpk002zglyzmsl2q9ug""]"
cmffkjhk3001wglyzpogp07gm,Business Intelligence Dashboard,Real-time analytics and reporting platform with interactive visualizations,"{""status"":""active"",""version"":""2.0.0"",""category"":""Analytics Platform"",""industry"":""Analytics"",""priority"":""Medium"",""technology"":""Vue.js, Python, Elasticsearch""}","[""cmffkjhq20033glyzosredxdg"",""cmffkjhqj0037glyzdmaghr8f"",""cmffkjhr3003bglyzs0tc52u2""]"
cmffkjhkk001zglyzulfcyphe,Healthcare Management System,Comprehensive healthcare management solution for hospitals and clinics,"{""status"":""development"",""version"":""1.0.0"",""category"":""Healthcare Application"",""industry"":""Healthcare"",""priority"":""High"",""technology"":""React, .NET Core, SQL Server""}","[""cmffkjhrk003fglyz0fq2mu8m"",""cmffkjhs8003jglyz3np8s26l"",""cmffkjhss003nglyz1qly8ees""]"
cmffkl9m800bmglyzhznsom6o,Test Product 1757604921668,This is a test product created by the GUI Test Studio for validation purposes.,"{""status"":""active"",""category"":""Test Category"",""priority"":""High"",""createdAt"":""2025-09-11T15:35:21.668Z"",""createdBy"":""GUI Test Studio"",""testCreated"":true}","[""cmffkl9pn00buglyzquu0t7vp""]"
cmffkola10000glzpnamgrmem,Test Product No Licenses,Product with no licenses to test validation,{},"[""cmffkow0a0004glzpvwmjk9h5""]"
cmffkq4i20000glgjjvh91bqs,Delete Test Product,For testing deletion,{},"[""cmffkq8rs0004glgjtkozcj63""]"
cmffkwmyz0000glzkwspprw5z,Final Test Product,Testing complete workflow,{},"[""cmffkwrh10004glzkuylw1zb2""]"
cmffkxev5000eglzkuz30y5pl,Validation Test Product,Testing license validation,{},"[""cmffkxk29000iglzk8jjleta1""]"
cmffl0m7o000qglzkb8yu22m2,Final Test Product,Testing complete workflow,{},"[""cmffl0vbf000uglzkns55ontz""]"
cmffl30bx001oglv399bpmy3k,E-Commerce Platform,Modern e-commerce platform with advanced features for online retailers,"{""status"":""active"",""version"":""2.1.0"",""category"":""Web Application"",""industry"":""Retail"",""priority"":""High"",""technology"":""React, Node.js, PostgreSQL""}","[""cmffl30jz0024glv3s2slwasi"",""cmffl30kk0028glv3xd5yj98e"",""cmffl30l3002cglv3q9537s4j""]"
cmffl30gu001rglv3xe5s85zo,Mobile Banking Application,Secure mobile banking solution with biometric authentication and real-time transactions,"{""status"":""active"",""version"":""3.2.1"",""category"":""Mobile Application"",""industry"":""FinTech"",""priority"":""Critical"",""technology"":""React Native, Node.js""}","[""cmffl30lo002gglv39fp6a019"",""cmffl30m6002kglv3roes2ggk"",""cmffl30mp002oglv3y73emjqq""]"
cmffl30hx001uglv3x2cxwex6,Customer Relationship Management,Advanced CRM system with AI-powered insights and automation,"{""status"":""development"",""version"":""1.5.3"",""category"":""Business Application"",""industry"":""Business Services"",""priority"":""Medium"",""technology"":""Angular, Spring Boot, MongoDB""}","[""cmffl30ng002sglv3ohw48131"",""cmffl30nx002wglv3mj1r9f6q"",""cmffl30og0030glv33o9uygk2""]"
cmffl30iu001xglv3y4wamwrd,Business Intelligence Dashboard,Real-time analytics and reporting platform with interactive visualizations,"{""status"":""active"",""version"":""2.0.0"",""category"":""Analytics Platform"",""industry"":""Analytics"",""priority"":""Medium"",""technology"":""Vue.js, Python, Elasticsearch""}","[""cmffl30p30034glv3k62ygcg4"",""cmffl30pz0038glv31u1r03il"",""cmffl30ql003cglv3v97c99sz""]"
cmffl30je0020glv3qf5ygha6,Healthcare Management System,Comprehensive healthcare management solution for hospitals and clinics,"{""status"":""development"",""version"":""1.0.0"",""category"":""Healthcare Application"",""industry"":""Healthcare"",""priority"":""High"",""technology"":""React, .NET Core, SQL Server""}","[""cmffl30r7003gglv30ruyjlkt"",""cmffl30ru003kglv36qi1f7do"",""cmffl30sk003oglv3kc8zyu14""]"
cmffl3rts00bnglv3zcfr9zy5,Test Product 1757605785038,This is a test product created by the GUI Test Studio for validation purposes.,"{""status"":""active"",""category"":""Test Category"",""priority"":""High"",""createdAt"":""2025-09-11T15:49:45.038Z"",""createdBy"":""GUI Test Studio"",""testCreated"":true}","[""cmffl3rx600bvglv3u4kjl9fo""]"
cmffl47xe00c5glv3inkxjiye,Test Product 1757605805897 - EDITED,This is a test product created by the GUI Test Studio for validation purposes. [UPDATED by GUI Test Studio at 11:50:09 AM] - This product has been comprehensively updated with all available attributes modified for thorough testing.,"{""status"":""active"",""version"":""v1.0"",""category"":""Test Category"",""editedBy"":""GUI Test Studio"",""priority"":""High"",""createdAt"":""2025-09-11T15:50:05.897Z"",""createdBy"":""GUI Test Studio"",""editCount"":1,""lastEdited"":""2025-09-11T15:50:09.642Z"",""testCreated"":true,""editTimestamp"":1757605809642,""testAttributes"":{""testType"":""full-attribute-edit"",""comprehensive"":true,""allFieldsModified"":true},""testEnvironment"":""GUI Test Studio""}","[""cmffl481o00cdglv31ucifqtt""]"
cmfflbeqe00cvglv3ev8i38vi,Test Product for Deletion,Will be deleted in test,{},[]
cmfflej9900d7glv3pbokpzio,Final Test Product,Complete test cycle,{},"[""cmfflejb200dbglv35z046335""]"
cmffles6700dlglv3ivbxdqw7,Final Test Product,Complete test cycle,{},[]
cmfflex6b00doglv3ye6ti7gx,Final Test Product,Complete test cycle,{},"[""cmfflf1cz00dsglv3douo4ocf""]"
cmfflhfm700fqglv3pdnxxplm,E-Commerce Platform,Modern e-commerce platform with advanced features for online retailers,"{""status"":""active"",""version"":""2.1.0"",""category"":""Web Application"",""industry"":""Retail"",""priority"":""High"",""technology"":""React, Node.js, PostgreSQL""}","[""cmfflhfqp00g6glv3chdfd0ki"",""cmfflhfrw00gaglv3lwdn3qfr"",""cmfflhfsk00geglv3jyzr8akx""]"
cmfflhfne00ftglv3rtkafe01,Mobile Banking Application,Secure mobile banking solution with biometric authentication and real-time transactions,"{""status"":""active"",""version"":""3.2.1"",""category"":""Mobile Application"",""industry"":""FinTech"",""priority"":""Critical"",""technology"":""React Native, Node.js""}","[""cmfflhft700giglv3aa551cs9"",""cmfflhftt00gmglv3xfc4415k"",""cmfflhfue00gqglv37en1fw5p""]"
cmfflhfop00fwglv3aut67gwd,Customer Relationship Management,Advanced CRM system with AI-powered insights and automation,"{""status"":""development"",""version"":""1.5.3"",""category"":""Business Application"",""industry"":""Business Services"",""priority"":""Medium"",""technology"":""Angular, Spring Boot, MongoDB""}","[""cmfflhfuz00guglv30bsfa5h2"",""cmfflhfvm00gyglv39u86llan"",""cmfflhfw800h2glv3f82oho3d""]"
cmfflhfpg00fzglv3sbraw87o,Business Intelligence Dashboard,Real-time analytics and reporting platform with interactive visualizations,"{""status"":""active"",""version"":""2.0.0"",""category"":""Analytics Platform"",""industry"":""Analytics"",""priority"":""Medium"",""technology"":""Vue.js, Python, Elasticsearch""}","[""cmfflhfwx00h6glv30q67pti3"",""cmfflhfxr00haglv3b4lkyrh3"",""cmfflhfyf00heglv3rg3zenz3""]"
cmfflhfq000g2glv3ie26n52f,Healthcare Management System,Comprehensive healthcare management solution for hospitals and clinics,"{""status"":""development"",""version"":""1.0.0"",""category"":""Healthcare Application"",""industry"":""Healthcare"",""priority"":""High"",""technology"":""React, .NET Core, SQL Server""}","[""cmfflhfz300higlv3pvqiq2vb"",""cmfflhfzq00hmglv3v8k8fz2t"",""cmfflhg0o00hqglv3m51biw2g""]"
cmfflknci00ppglv381zr9b9r,License Test Product,Testing license system,{},"[""cmfflknep00ptglv3d2zgim28"",""cmfflknfs00pxglv3dc6726qj"",""cmfflkngw00q1glv3tw9cbmmf""]"
cmfflksgo00q4glv3dheu625r,License Test Product,Testing license system,{},[]
cmfflkwgr00q7glv3clvy9hig,License Test Product,Testing license system,{},"[""cmffll18h00qbglv3sx38zujt""]"
cmfflxrg400s6glv3luzyj5q2,E-Commerce Platform,Complete online shopping solution with advanced features,{},"[""cmfflxrka00smglv3ged9eqir"",""cmfflxrku00sqglv3hw0m81sp"",""cmfflxrlf00suglv3ggt3go8q""]"
cmfflxrhd00s9glv3snlb6sgi,Mobile Banking Application,Secure mobile banking app with biometric authentication,{},"[""cmfflxrlx00syglv35nvxo1y1"",""cmfflxrmh00t2glv3fswn0of0"",""cmfflxrmx00t6glv3nfrudoha""]"
cmfflxri700scglv3tu2q5ern,Customer Relationship Management,Comprehensive CRM system for sales and support teams,{},"[""cmfflxrne00taglv3uzpv1djq"",""cmfflxrnt00teglv3q4znuj3k"",""cmfflxroc00tiglv3qszl1k8x""]"
cmfflxrj400sfglv34q68krpn,Business Intelligence Dashboard,Advanced analytics and reporting platform,{},"[""cmfflxrp100tmglv3uwjcg1dh"",""cmfflxrpk00tqglv3pkzoz154"",""cmfflxrqb00tuglv3tvw8pcwb""]"
cmfflxrjs00siglv3gnww0gpn,Healthcare Management System,Complete healthcare management solution with compliance features,{},"[""cmfflxrqy00tyglv3nyg9cnce"",""cmfflxrss00u2glv3405b8c1w"",""cmfflxruh00u6glv3azfe2ptt""]"
cmfflylh40125glv3yrselpl2,Test Product 1757607223141,This is a test product created by the GUI Test Studio for validation purposes.,"{""status"":""active"",""category"":""Test Category"",""priority"":""High"",""createdAt"":""2025-09-11T16:13:43.141Z"",""createdBy"":""GUI Test Studio"",""testCreated"":true}","[""cmfflylkr012dglv3zwctnrwo""]"
cmffmap76014aglv3g1encd0k,E-Commerce Platform - EDITED,Complete online shopping solution with advanced features [UPDATED by GUI Test Studio at 12:49:02 PM] - This product has been comprehensively updated with all available attributes modified for thorough testing.,"{""version"":""v1.0"",""editedBy"":""GUI Test Studio"",""editCount"":1,""lastEdited"":""2025-09-11T16:49:02.478Z"",""editTimestamp"":1757609342478,""testAttributes"":{""testType"":""full-attribute-edit"",""comprehensive"":true,""allFieldsModified"":true},""testEnvironment"":""GUI Test Studio""}","[""cmffmapb4014qglv3axktbhqi"",""cmffmapc5014uglv3ajgdpz8t"",""cmffmapcp014yglv3z9wtseo4""]"
cmffmap7z014dglv3u36mute7,Mobile Banking Application,Secure mobile banking app with biometric authentication,{},"[""cmffmapdc0152glv34qwe7w0m"",""cmffmapdy0156glv34797lfhs"",""cmffmapej015aglv37yrqwdvk""]"
cmffmap8o014gglv330sqjpdm,Customer Relationship Management,Comprehensive CRM system for sales and support teams,{},"[""cmffmapf8015eglv3ohr5g1ae"",""cmffmapfy015iglv3vzgfd9m6"",""cmffmapgi015mglv3w4w98ske""]"
cmffmap9s014jglv35txpvpbw,Business Intelligence Dashboard,Advanced analytics and reporting platform,{},"[""cmffmapgy015qglv3kz34kqt7"",""cmffmaphf015uglv3q0ih281r"",""cmffmaphv015yglv3xdn8yqu2""]"
cmffmapai014mglv30fuz8yrl,Healthcare Management System,Complete healthcare management solution with compliance features,{},"[""cmffmapie0162glv3racsct6i"",""cmffmapiv0166glv3orfdgitj"",""cmffmapje016aglv395spmisj""]"
cmffmbjkl01efglv3yqe0tmdm,Test Product 1757607827158,This is a test product created by the GUI Test Studio for validation purposes.,"{""status"":""active"",""category"":""Test Category"",""priority"":""High"",""createdAt"":""2025-09-11T16:23:47.158Z"",""createdBy"":""GUI Test Studio"",""testCreated"":true}","[""cmffmbjo901englv3wwpe8zon""]"
cmffmd43r01etglv3xd4qb720,Test Product 1757607900435 - EDITED,This is a test product created by the GUI Test Studio for validation purposes. [UPDATED by GUI Test Studio at 12:25:04 PM] - This product has been comprehensively updated with all available attributes modified for thorough testing.,"{""status"":""active"",""version"":""v1.0"",""category"":""Test Category"",""editedBy"":""GUI Test Studio"",""priority"":""High"",""createdAt"":""2025-09-11T16:25:00.435Z"",""createdBy"":""GUI Test Studio"",""editCount"":1,""lastEdited"":""2025-09-11T16:25:04.023Z"",""testCreated"":true,""editTimestamp"":1757607904023,""testAttributes"":{""testType"":""full-attribute-edit"",""comprehensive"":true,""allFieldsModified"":true},""testEnvironment"":""GUI Test Studio""}","[""cmffmd48i01f1glv311ouohbi""]"
cmffmdbwd01f8glv3zcg08875,Test Product 1757607910522 - EDITED,This is a test product created by the GUI Test Studio for validation purposes. [UPDATED by GUI Test Studio at 12:25:14 PM] - This product has been comprehensively updated with all available attributes modified for thorough testing.,"{""status"":""active"",""version"":""v1.0"",""category"":""Test Category"",""editedBy"":""GUI Test Studio"",""priority"":""High"",""createdAt"":""2025-09-11T16:25:10.522Z"",""createdBy"":""GUI Test Studio"",""editCount"":1,""lastEdited"":""2025-09-11T16:25:14.613Z"",""testCreated"":true,""editTimestamp"":1757607914613,""testAttributes"":{""testType"":""full-attribute-edit"",""comprehensive"":true,""allFieldsModified"":true},""testEnvironment"":""GUI Test Studio""}","[""cmffmdc0v01fgglv3xwaszr9w""]"
cmffmk80q01fzglv3mhzf5hli,Updated Test Product 1757608232938,This product has been updated by the CLI test runner,"{""createdAt"":""2025-09-11T16:30:32.851Z"",""createdBy"":""CLI Test Runner"",""testCreated"":true}","[""cmffmk81d01g3glv3bb2jyzyp""]"
cmffmlxqb01gfglv3ol23srps,Edge Test Product 1757608312800,Product for edge case testing,"{""testType"":""edge-cases""}","[""cmffmlxr601gjglv31uymiake""]"
cmffmlxu501guglv3xmn3k9hz,License Test Product 1757608312970,Product for testing license validation,"{""testType"":""license-validation""}","[""cmffmlxuh01gyglv3c60ydg75""]"
cmffmlxv901h1glv3dwuspkzw,Weight Test Product 1757608313010,Product for testing weight allocation,"{""testType"":""weight-validation""}","[""cmffmlxvo01h5glv3t0bub3g2""]"
cmffn7yto01hlglv39a6ptepu,Test Product 1757609339955,This is a test product created by the GUI Test Studio for validation purposes.,"{""status"":""active"",""category"":""Test Category"",""priority"":""High"",""createdAt"":""2025-09-11T16:48:59.955Z"",""createdBy"":""GUI Test Studio"",""testCreated"":true}","[""cmffn7ywr01htglv3l3yass8q""]"
cmffn91w701i0glv3u3i5f6ji,Test Product 1757609390632 - EDITED,This is a test product created by the GUI Test Studio for validation purposes. [UPDATED by GUI Test Studio at 12:50:02 PM] - This product has been comprehensively updated with all available attributes modified for thorough testing.,"{""status"":""active"",""version"":""v1.0"",""category"":""Test Category"",""editedBy"":""GUI Test Studio"",""priority"":""High"",""createdAt"":""2025-09-11T16:49:50.632Z"",""createdBy"":""GUI Test Studio"",""editCount"":1,""lastEdited"":""2025-09-11T16:50:02.673Z"",""testCreated"":true,""editTimestamp"":1757609402673,""testAttributes"":{""testType"":""full-attribute-edit"",""comprehensive"":true,""allFieldsModified"":true},""testEnvironment"":""GUI Test Studio""}","[""cmffn920301i8glv3j2vxy8jl""]"
cmffnh5r201ixglv3pohvwsyc,Limited License Product 1757609769535,Product with only Essential license to test cycling failure,"{""testType"":""license-cycling-test"",""limitedLicenses"":true}","[""cmffnh5rx01j1glv311kfdtz9""]"
cmffnh5te01j8glv3fggt4vog,Complete License Product 1757609769647,Product with all license levels for proper cycling,"{""testType"":""complete-license-test"",""hasAllLicenses"":true}","[""cmffnh5tr01jcglv3gtpur59z"",""cmffnh5u501jgglv3jdbr0083"",""cmffnh5ul01jkglv3ikj1cxgo""]"
cmffnji6z01jxglv3oj7ak5ry,Single License Product 1757609878968,Product with only Essential license to test fixed logic,"{""testType"":""single-license-fix-test""}","[""cmffnji7s01k1glv30pcpt9cp""]"
cmffnji9b01kaglv3dzi2g10r,Multi License Product 1757609879084,Product with multiple licenses to test cycling,"{""testType"":""multi-license-fix-test""}","[""cmffnji9p01keglv3m0g3upb0"",""cmffnjia301kiglv31kyny78j""]"
cmffnl1ii01krglv33425vjqs,TestPanelNew Product 1757609950667,Test product created by TestPanelNew simulation for validation purposes.,"{""createdAt"":""2025-09-11T16:59:10.667Z"",""createdBy"":""TestPanelNew Simulation"",""testCreated"":true}","[""cmffnl1jd01kvglv3jgdih4ro"",""cmffnl1jr01kzglv3zjccdhyr""]"
cmffno9ch01nbglv3vguy5luw,E-Commerce Platform,Complete online shopping solution with advanced features,{},"[""cmffno9he01nrglv3kskjee9a"",""cmffno9i201nvglv3kq44lyyn"",""cmffno9il01nzglv3zbqpqfo5""]"
cmffno9dl01neglv3zivljdaw,Mobile Banking Application,Secure mobile banking app with biometric authentication,{},"[""cmffno9jf01o3glv3vwvfhwoj"",""cmffno9k101o7glv3qqwycs7z"",""cmffno9kk01obglv3r96mbvge""]"
cmffno9ep01nhglv346d2mmyp,Customer Relationship Management,Comprehensive CRM system for sales and support teams,{},"[""cmffno9l501ofglv3vcnhax6a"",""cmffno9lw01ojglv3helur63b"",""cmffno9mh01onglv3c3gybqc7""]"
cmffno9fr01nkglv302pcoy58,Business Intelligence Dashboard,Advanced analytics and reporting platform,{},"[""cmffno9n401orglv3zuhjuqnv"",""cmffno9nq01ovglv38sv8dadc"",""cmffno9od01ozglv3zl3qmcc8""]"
cmffno9gi01nnglv3ta2vvmdi,Healthcare Management System,Complete healthcare management solution with compliance features,{},"[""cmffno9oy01p3glv3wsw9xy09"",""cmffno9pk01p7glv3ymsml8f3"",""cmffno9q701pbglv3ivnxqrn0""]"
cmffnpc0801xaglv33vqgqd6c,Test Product 1757610150217 - EDITED,This is a test product created by the GUI Test Studio for validation purposes. [UPDATED by GUI Test Studio at 1:02:35 PM] - This product has been comprehensively updated with all available attributes modified for thorough testing.,"{""status"":""active"",""version"":""v1.0"",""category"":""Test Category"",""editedBy"":""GUI Test Studio"",""priority"":""High"",""createdAt"":""2025-09-11T17:02:30.217Z"",""createdBy"":""GUI Test Studio"",""editCount"":1,""lastEdited"":""2025-09-11T17:02:35.029Z"",""testCreated"":true,""editTimestamp"":1757610155029,""testAttributes"":{""testType"":""full-attribute-edit"",""comprehensive"":true,""allFieldsModified"":true},""testEnvironment"":""GUI Test Studio""}","[""cmffnpc5q01xiglv35rt6cg02""]"
cmffoy1qt01xoglv3sjyem054,Test Product 1757612237110,This is a test product created by the GUI Test Studio for validation purposes.,"{""status"":""active"",""category"":""Test Category"",""priority"":""High"",""createdAt"":""2025-09-11T17:37:17.110Z"",""createdBy"":""GUI Test Studio"",""testCreated"":true}","[""cmffoy1s501xwglv38fl8w4b4"",""cmffoy1si01y0glv33r0fcwzw"",""cmffoy1su01y4glv38frho0r3""]"
cmffoy6li01ybglv3e3kmnmw3,TestPanelNew Product 1757612243399,Test product created by TestPanelNew simulation for validation purposes.,"{""createdAt"":""2025-09-11T17:37:23.399Z"",""createdBy"":""TestPanelNew Simulation"",""testCreated"":true}","[""cmffoy6md01yfglv3mrbtf99d"",""cmffoy6ms01yjglv3b13ga1l9"",""cmffoy6n501ynglv30v97dugv""]"
cmffoyauv01ywglv3jzx4dwkf,Single License Product 1757612248900,Product with only Essential license to test fixed logic,"{""testType"":""single-license-fix-test""}","[""cmffoyavs01z0glv3vfve8u9r""]"
cmffoyaxm01z9glv3f3u4k074,Multi License Product 1757612249048,Product with multiple licenses to test cycling,"{""testType"":""multi-license-fix-test""}","[""cmffoyaxz01zdglv3e585mmq7"",""cmffoyayb01zhglv3uktg4x6z""]"
cmffoyazm01zqglv3tgkhwomi,Comprehensive Product 1757612249117,Product with all 3 licenses for complete testing,"{""testType"":""comprehensive-3-license""}","[""cmffoyazy01zuglv3cmaiu0g0"",""cmffoyb0c01zyglv3bx2xmxgo"",""cmffoyb0p0202glv3oatrea0h""]"
cmffoyzj3020fglv3x397qhd9,Single License Product 1757612280893,Product with only Essential license to test fixed logic,"{""testType"":""single-license-fix-test""}","[""cmffoyzjy020jglv3t1v6yuc5""]"
cmffoyzlh020sglv3pezbi7sl,Multi License Product 1757612281011,Product with multiple licenses to test cycling,"{""testType"":""multi-license-fix-test""}","[""cmffoyzlu020wglv3e7tfl8xp"",""cmffoyzm60210glv35608i3oo""]"
cmffoyznq0219glv3fnpmo62l,Comprehensive Product 1757612281090,Product with all 3 licenses for complete testing,"{""testType"":""comprehensive-3-license""}","[""cmffoyzo3021dglv304eiqy05"",""cmffoyzoh021hglv310w94wen"",""cmffoyzou021lglv31ij2y8lv""]"
cmffp81wc0242glv3h6sm1fs0,E-Commerce Platform - EDITED,Complete online shopping solution with advanced features [UPDATED by GUI Test Studio at 1:52:38 PM] - This product has been comprehensively updated with all available attributes modified for thorough testing.,"{""version"":""v1.0"",""editedBy"":""GUI Test Studio"",""editCount"":1,""lastEdited"":""2025-09-11T17:52:38.510Z"",""editTimestamp"":1757613158510,""testAttributes"":{""testType"":""full-attribute-edit"",""comprehensive"":true,""allFieldsModified"":true},""testEnvironment"":""GUI Test Studio""}","[""cmffp821z024iglv3qf3p2wsj"",""cmffp8231024mglv3x65g1pqm"",""cmffp8247024qglv319q8a0wk""]"
cmffp81xj0245glv3k6yerfwb,Mobile Banking Application,Secure mobile banking app with biometric authentication,{},"[""cmffp825x024uglv3wkhmayqt"",""cmffp8283024yglv31yjytev5"",""cmffp82930252glv3rvqwkj1y""]"
cmffp81yp0248glv3arwmxuut,Customer Relationship Management,Comprehensive CRM system for sales and support teams,{},"[""cmffp82a70256glv31bro2ub5"",""cmffp82cf025aglv3k4xpxg5x"",""cmffp82e1025eglv3cbscc532""]"
cmffp81zu024bglv3ovyo1u4k,Business Intelligence Dashboard,Advanced analytics and reporting platform,{},"[""cmffp82g1025iglv38reqkg1v"",""cmffp82i2025mglv3xgfvlj08"",""cmffp82k4025qglv3xf4xhkrs""]"
cmffp8214024eglv314mer7pz,Healthcare Management System,Complete healthcare management solution with compliance features,{},"[""cmffp82m8025uglv36h3g6myd"",""cmffp82op025yglv327u9grv3"",""cmffp82q50262glv3ytpu2oaf""]"
cmffp8j2f02e1glv3mxf5ct7a,Test Product 1757612725180 - EDITED,This is a test product created by the GUI Test Studio for validation purposes. [UPDATED by GUI Test Studio at 1:46:08 PM] - This product has been comprehensively updated with all available attributes modified for thorough testing.,"{""status"":""active"",""version"":""v1.0"",""category"":""Test Category"",""editedBy"":""GUI Test Studio"",""priority"":""High"",""createdAt"":""2025-09-11T17:45:25.180Z"",""createdBy"":""GUI Test Studio"",""editCount"":1,""lastEdited"":""2025-09-11T17:46:08.879Z"",""testCreated"":true,""editTimestamp"":1757612768879,""testAttributes"":{""testType"":""full-attribute-edit"",""comprehensive"":true,""allFieldsModified"":true},""testEnvironment"":""GUI Test Studio""}","[""cmffp8j5x02e9glv3fsqwn7xy"",""cmffp8j8v02edglv3etulk62d"",""cmffp8jar02ehglv3iwl882jl""]"
cmffpckla02englv33rw782bv,Test Product 1757612914713,This is a test product created by the GUI Test Studio for validation purposes.,"{""status"":""active"",""category"":""Test Category"",""priority"":""High"",""createdAt"":""2025-09-11T17:48:34.713Z"",""createdBy"":""GUI Test Studio"",""testCreated"":true}","[""cmffpckms02evglv33o00s0qy"",""cmffpckn502ezglv31l847bsy"",""cmffpcknj02f3glv3hl0kbmzk""]"
cmffpcq0f02faglv319e0gzm8,TestPanelNew Product 1757612921734,Test product created by TestPanelNew simulation for validation purposes.,"{""createdAt"":""2025-09-11T17:48:41.734Z"",""createdBy"":""TestPanelNew Simulation"",""testCreated"":true}","[""cmffpcq1d02feglv3pfjflkf3"",""cmffpcq1s02figlv3uvxmftwk"",""cmffpcq2502fmglv3h45j5cyq""]"
cmffpfvb702fzglv3tbpxkijw,Test Product 1757613067838 - EDITED,This is a test product created by the GUI Test Studio for validation purposes. [UPDATED by GUI Test Studio at 1:51:11 PM] - This product has been comprehensively updated with all available attributes modified for thorough testing.,"{""status"":""active"",""version"":""v1.0"",""category"":""Test Category"",""editedBy"":""GUI Test Studio"",""priority"":""High"",""createdAt"":""2025-09-11T17:51:07.838Z"",""createdBy"":""GUI Test Studio"",""editCount"":1,""lastEdited"":""2025-09-11T17:51:11.287Z"",""testCreated"":true,""editTimestamp"":1757613071287,""testAttributes"":{""testType"":""full-attribute-edit"",""comprehensive"":true,""allFieldsModified"":true},""testEnvironment"":""GUI Test Studio""}","[""cmffpfveg02g7glv3otol71l1"",""cmffpfvh002gbglv396vip589"",""cmffpfvk202gfglv3qzldikla""]"
cmffphg6102ilglv310s9ho4z,E-Commerce Platform,Complete online shopping solution with advanced features,{},"[""cmffphg9t02j1glv35f1ulvh2"",""cmffphgaf02j5glv3jxwkptad"",""cmffphgb102j9glv3qe3ygaoq""]"
cmffphg6z02ioglv3ek4q3kml,Mobile Banking Application,Secure mobile banking app with biometric authentication,{},"[""cmffphgbk02jdglv3vy4xqd2m"",""cmffphgc902jhglv3y9xp9rvd"",""cmffphgcs02jlglv3l5gxi11e""]"
cmffphg7v02irglv3irh8kk34,Customer Relationship Management,Comprehensive CRM system for sales and support teams,{},"[""cmffphgda02jpglv3pnrhgn2g"",""cmffphgdu02jtglv3nkr6esm0"",""cmffphgec02jxglv3ebpxutc3""]"
cmffphg8q02iuglv3lhzsswtc,Business Intelligence Dashboard,Advanced analytics and reporting platform,{},"[""cmffphgey02k1glv3qup9fh3w"",""cmffphgfl02k5glv3gm70uqad"",""cmffphgh102k9glv32iwtan67""]"
cmffphg9a02ixglv3ix8k2gz5,Healthcare Management System,Complete healthcare management solution with compliance features,{},"[""cmffphgij02kdglv37hlzd47o"",""cmffphgka02khglv3y7suit78"",""cmffphglr02klglv3pxsnpfju""]"
cmffphqtd02skglv3q3ttnf41,Test Product 1757613155035,This is a test product created by the GUI Test Studio for validation purposes.,"{""status"":""active"",""category"":""Test Category"",""priority"":""High"",""createdAt"":""2025-09-11T17:52:35.035Z"",""createdBy"":""GUI Test Studio"",""testCreated"":true}","[""cmffphr3002ssglv3gzr0psw0"",""cmffphr5i02swglv3qxqb6hwk"",""cmffphrb602t0glv3r90aukpv""]"
cmffpla6w02thglv3614rpggk,TestPanelNew Product 1757613321139,Test product created by TestPanelNew simulation for validation purposes.,"{""createdAt"":""2025-09-11T17:55:21.139Z"",""createdBy"":""TestPanelNew Simulation"",""testCreated"":true}","[""cmffpla7w02tlglv3qmodn2o3"",""cmffpla8b02tpglv35ayzet5c"",""cmffpla8r02ttglv35ne0xfli""]"
cmffpn5qo02u2glv3gwqgo4jt,Validation Test Product 1757613408689,Product created to validate complete TestPanelNew workflow,"{""createdAt"":""2025-09-11T17:56:48.689Z"",""testCreated"":true,""validationTest"":true}","[""cmffpn5rg02u6glv34s17hoa3"",""cmffpn5rw02uaglv3wmbeapt0"",""cmffpn5s902ueglv3mstay4n8""]"
cmffpqgts02wdglv3ghg1q0ca,E-Commerce Platform,Complete online shopping solution with advanced features,{},"[""cmffpqh0l02wtglv3npu9irud"",""cmffpqh1v02wxglv38x2ea7m5"",""cmffpqh2v02x1glv3wh0fax2h""]"
cmffpqgv202wgglv3djjq7da4,Mobile Banking Application,Secure mobile banking app with biometric authentication,{},"[""cmffpqh3h02x5glv3f1gl345x"",""cmffpqh4402x9glv3vux82jwr"",""cmffpqh4s02xdglv3dbcbszav""]"
cmffpqgwk02wjglv3cgms64rp,Customer Relationship Management,Comprehensive CRM system for sales and support teams,{},"[""cmffpqh5g02xhglv3jkys76nf"",""cmffpqh6a02xlglv32i6l1io2"",""cmffpqh7702xpglv3ca25o4pf""]"
cmffpqgxr02wmglv35xhfaam7,Business Intelligence Dashboard,Advanced analytics and reporting platform,{},"[""cmffpqh8302xtglv3f64s6vxr"",""cmffpqh8u02xxglv3bl2g5lvm"",""cmffpqh9l02y1glv34ti2n1xf""]"
cmffpqgz402wpglv37whtmq2u,Healthcare Management System,Complete healthcare management solution with compliance features,{},"[""cmffpqhaf02y5glv3pn87y0ve"",""cmffpqhbb02y9glv3zo63cyld"",""cmffpqhc402ydglv3gcrpd9om""]"
cmffpqqqk036cglv31d3echcb,Test Product 1757613574849 - EDITED,This is a test product created by the GUI Test Studio for validation purposes. [UPDATED by GUI Test Studio at 1:59:42 PM] - This product has been comprehensively updated with all available attributes modified for thorough testing.,"{""status"":""active"",""version"":""v1.0"",""category"":""Test Category"",""editedBy"":""GUI Test Studio"",""priority"":""High"",""createdAt"":""2025-09-11T17:59:34.849Z"",""createdBy"":""GUI Test Studio"",""editCount"":1,""lastEdited"":""2025-09-11T17:59:42.773Z"",""testCreated"":true,""editTimestamp"":1757613582773,""testAttributes"":{""testType"":""full-attribute-edit"",""comprehensive"":true,""allFieldsModified"":true},""testEnvironment"":""GUI Test Studio""}","[""cmffpqqus036kglv3bcd7zcyb"",""cmffpqqx5036oglv3l2hd8p68"",""cmffpqqzu036sglv3y6la96bs""]"
cmffpvp900378glv3fj3gqt5x,Validation Test Product 1757613807218,Product created to validate complete TestPanelNew workflow,"{""createdAt"":""2025-09-11T18:03:27.218Z"",""testCreated"":true,""validationTest"":true}","[""cmffpvpa3037cglv3z7tzbjmf"",""cmffpvpal037gglv39pk3id9x"",""cmffpvpb2037kglv3dkn6b06u""]"
cmffq6tfo037zglv30ltij589,GUI Test Product 1757614325836,Product created for GUI task deletion testing,{},[]
cmffqb4280385glv3fpu2esqt,Test Product 1757614525492 - EDITED,This is a test product created by the GUI Test Studio for validation purposes. [UPDATED by GUI Test Studio at 2:15:34 PM] - This product has been comprehensively updated with all available attributes modified for thorough testing.,"{""status"":""active"",""version"":""v1.0"",""category"":""Test Category"",""editedBy"":""GUI Test Studio"",""priority"":""High"",""createdAt"":""2025-09-11T18:15:25.492Z"",""createdBy"":""GUI Test Studio"",""editCount"":1,""lastEdited"":""2025-09-11T18:15:34.612Z"",""testCreated"":true,""editTimestamp"":1757614534612,""testAttributes"":{""testType"":""full-attribute-edit"",""comprehensive"":true,""allFieldsModified"":true},""testEnvironment"":""GUI Test Studio""}","[""cmffqb465038dglv3vxe78ldg"",""cmffqb47v038hglv3fj0hfsi9"",""cmffqb49o038lglv3klqs6n4y""]"
cmffqq69a03alglv38c6y7ocx,E-Commerce Platform,Complete online shopping solution with advanced features,{},"[""cmffqq6dd03b1glv352hzli0k"",""cmffqq6e803b5glv364co5r4e"",""cmffqq6eq03b9glv3ilclii89""]"
cmffqq6aa03aoglv345l6nmdv,Mobile Banking Application - EDITED,Secure mobile banking app with biometric authentication [UPDATED by GUI Test Studio at 2:58:52 PM] - This product has been comprehensively updated with all available attributes modified for thorough testing.,"{""version"":""v1.0"",""editedBy"":""GUI Test Studio"",""editCount"":1,""lastEdited"":""2025-09-11T18:58:52.532Z"",""editTimestamp"":1757617132532,""testAttributes"":{""testType"":""full-attribute-edit"",""comprehensive"":true,""allFieldsModified"":true},""testEnvironment"":""GUI Test Studio""}","[""cmffqq6fg03bdglv34h1gfwtr"",""cmffqq6fx03bhglv3kid8bscx"",""cmffqq6gy03blglv3bt0rxuqp""]"
cmffqq6b003arglv3ojkus0bu,Customer Relationship Management,Comprehensive CRM system for sales and support teams,{},"[""cmffqq6hd03bpglv34ivibivh"",""cmffqq6hx03btglv3sksic5zg"",""cmffqq6ic03bxglv330tk8ey9""]"
cmffqq6bu03auglv3masam0ky,Business Intelligence Dashboard,Advanced analytics and reporting platform,{},"[""cmffqq6iw03c1glv3k1ydjueq"",""cmffqq6jc03c5glv3x9c2tlji"",""cmffqq6jw03c9glv3jqvv4rn1""]"
cmffqq6co03axglv3rg27t4vy,Healthcare Management System,Complete healthcare management solution with compliance features,{},"[""cmffqq6kc03cdglv3arybtwdx"",""cmffqq6kv03chglv31z665w95"",""cmffqq6lh03clglv34w1h557k""]"
cmffqqh9r03kkglv3d0kqmgm3,Test Product 1757615242198 - EDITED,This is a test product created by the GUI Test Studio for validation purposes. [UPDATED by GUI Test Studio at 2:27:36 PM] - This product has been comprehensively updated with all available attributes modified for thorough testing.,"{""status"":""active"",""version"":""v1.0"",""category"":""Test Category"",""editedBy"":""GUI Test Studio"",""priority"":""High"",""createdAt"":""2025-09-11T18:27:22.198Z"",""createdBy"":""GUI Test Studio"",""editCount"":1,""lastEdited"":""2025-09-11T18:27:36.828Z"",""testCreated"":true,""editTimestamp"":1757615256828,""testAttributes"":{""testType"":""full-attribute-edit"",""comprehensive"":true,""allFieldsModified"":true},""testEnvironment"":""GUI Test Studio""}","[""cmffqqhkx03ksglv3zdtbctb1"",""cmffqqhmw03kwglv33082nt7g"",""cmffqqhoo03l0glv3nm4dr20t""]"
cmffr3bc203leglv3heulzc0g,Test Product 1757615841323 - EDITED,This is a test product created by the GUI Test Studio for validation purposes. [UPDATED by GUI Test Studio at 2:37:35 PM] - This product has been comprehensively updated with all available attributes modified for thorough testing.,"{""status"":""active"",""version"":""v1.0"",""category"":""Test Category"",""editedBy"":""GUI Test Studio"",""priority"":""High"",""createdAt"":""2025-09-11T18:37:21.323Z"",""createdBy"":""GUI Test Studio"",""editCount"":1,""lastEdited"":""2025-09-11T18:37:35.624Z"",""testCreated"":true,""editTimestamp"":1757615855624,""testAttributes"":{""testType"":""full-attribute-edit"",""comprehensive"":true,""allFieldsModified"":true},""testEnvironment"":""GUI Test Studio""}","[""cmffr3bef03lmglv3agnj6n8x"",""cmffr3bfu03lqglv3scf9rquu"",""cmffr3bh803luglv3pyen7rhx""]"
cmffrf02g03mpglv3i8ejl1qd,Test Product 1757616386565 - EDITED,This is a test product created by the GUI Test Studio for validation purposes. [UPDATED by GUI Test Studio at 2:46:36 PM] - This product has been comprehensively updated with all available attributes modified for thorough testing.,"{""status"":""active"",""version"":""v1.0"",""category"":""Test Category"",""editedBy"":""GUI Test Studio"",""priority"":""High"",""createdAt"":""2025-09-11T18:46:26.565Z"",""createdBy"":""GUI Test Studio"",""editCount"":1,""lastEdited"":""2025-09-11T18:46:36.055Z"",""testCreated"":true,""editTimestamp"":1757616396055,""testAttributes"":{""testType"":""full-attribute-edit"",""comprehensive"":true,""allFieldsModified"":true},""testEnvironment"":""GUI Test Studio""}","[""cmffrf06z03mxglv32j6mj0q9"",""cmffrf08e03n1glv3s0dcffeh"",""cmffrf09o03n5glv3y9m4o73z""]"
cmffrrtm503nlglv3p8ihtlgq,Test Product 1757616984694 - EDITED,This is a test product created by the GUI Test Studio for validation purposes. [UPDATED by GUI Test Studio at 2:56:26 PM] - This product has been comprehensively updated with all available attributes modified for thorough testing.,"{""status"":""active"",""version"":""v1.0"",""category"":""Test Category"",""editedBy"":""GUI Test Studio"",""priority"":""High"",""createdAt"":""2025-09-11T18:56:24.694Z"",""createdBy"":""GUI Test Studio"",""editCount"":1,""lastEdited"":""2025-09-11T18:56:26.802Z"",""testCreated"":true,""editTimestamp"":1757616986802,""testAttributes"":{""testType"":""full-attribute-edit"",""comprehensive"":true,""allFieldsModified"":true},""testEnvironment"":""GUI Test Studio""}","[""cmffrrtp403ntglv3w2mz53cc"",""cmffrrtrd03nxglv3hszyamsy"",""cmffrrtt403o1glv3nsaoh09r""]"
cmffruq0g03pyglv333e70422,E-Commerce Platform - EDITED,Complete online shopping solution with advanced features [UPDATED by GUI Test Studio at 2:59:28 PM] - This product has been comprehensively updated with all available attributes modified for thorough testing.,"{""version"":""v1.0"",""editedBy"":""GUI Test Studio"",""editCount"":1,""lastEdited"":""2025-09-11T18:59:28.950Z"",""editTimestamp"":1757617168950,""testAttributes"":{""testType"":""full-attribute-edit"",""comprehensive"":true,""allFieldsModified"":true},""testEnvironment"":""GUI Test Studio""}","[""cmffruq4o03qeglv3357ylqw2"",""cmffruq5i03qiglv3sph6f1ek"",""cmffruq6903qmglv3gu9exjb6""]"
cmffruq1a03q1glv3st4zwuvk,Mobile Banking Application,Secure mobile banking app with biometric authentication,{},"[""cmffruq6t03qqglv3i0dpl7fr"",""cmffruq7h03quglv3xmu0pcut"",""cmffruq7y03qyglv3fw6bu3yn""]"
cmffruq2403q4glv3vq44rrwg,Customer Relationship Management,Comprehensive CRM system for sales and support teams,{},"[""cmffruq8f03r2glv3kpowadgh"",""cmffruq8z03r6glv3lz1lrpa1"",""cmffruq9g03raglv3e7dqw2mm""]"
cmffruq2y03q7glv3jves2ps4,Business Intelligence Dashboard,Advanced analytics and reporting platform,{},"[""cmffruq9w03reglv3h020xsn0"",""cmffruqae03riglv3a3rlddvo"",""cmffruqb003rmglv3ttfcho2x""]"
cmffruq3t03qaglv3m5iim3o3,Healthcare Management System,Complete healthcare management solution with compliance features,{},"[""cmffruqbl03rqglv3ehnekuxh"",""cmffruqcb03ruglv3t7npnreo"",""cmffruqcs03ryglv3xap3wksk""]"
cmffruxgv03zxglv3bk70axqo,Test Product 1757617129434,This is a test product created by the GUI Test Studio for validation purposes.,"{""status"":""active"",""category"":""Test Category"",""priority"":""High"",""createdAt"":""2025-09-11T18:58:49.434Z"",""createdBy"":""GUI Test Studio"",""testCreated"":true}","[""cmffruxn70405glv34my46okg"",""cmffruxp30409glv30c6a15a6"",""cmffruxr1040dglv3lvizyf35""]"
cmffrvhk3042bglv3fju7qkbj,E-Commerce Platform - EDITED,Complete online shopping solution with advanced features [UPDATED by GUI Test Studio at 3:16:58 PM] - This product has been comprehensively updated with all available attributes modified for thorough testing.,"{""version"":""v1.0"",""editedBy"":""GUI Test Studio"",""editCount"":1,""lastEdited"":""2025-09-11T19:16:58.654Z"",""editTimestamp"":1757618218654,""testAttributes"":{""testType"":""full-attribute-edit"",""comprehensive"":true,""allFieldsModified"":true},""testEnvironment"":""GUI Test Studio""}","[""cmffrvhog042rglv3g0nc8p1b"",""cmffrvhph042vglv33zn3d1dn"",""cmffrvhq1042zglv3bolyz9ff""]"
cmffrvhky042eglv3npi6xvho,Mobile Banking Application,Secure mobile banking app with biometric authentication,{},"[""cmffrvhqh0433glv3shq067xx"",""cmffrvhr50437glv37fy4bnzy"",""cmffrvhrp043bglv35mf8uzzm""]"
cmffrvhlz042hglv38bj33k7h,Customer Relationship Management,Comprehensive CRM system for sales and support teams,{},"[""cmffrvhsd043fglv39fx4prj0"",""cmffrvhss043jglv3gbfva6t5"",""cmffrvhtb043nglv3z2gga7uh""]"
cmffrvhmp042kglv38xa6xvee,Business Intelligence Dashboard,Advanced analytics and reporting platform,{},"[""cmffrvhtr043rglv3h8izlc6n"",""cmffrvhue043vglv38okz53vk"",""cmffrvhv2043zglv350jsjdgi""]"
cmffrvhnl042nglv3690yzxkj,Healthcare Management System,Complete healthcare management solution with compliance features,{},"[""cmffrvhvn0443glv33zjuetmr"",""cmffrvhwi0447glv3b4cgcp1f"",""cmffrvhx5044bglv3p967tlxl""]"
cmffrvpi704caglv33fgsb04n,Test Product 1757617165780,This is a test product created by the GUI Test Studio for validation purposes.,"{""status"":""active"",""category"":""Test Category"",""priority"":""High"",""createdAt"":""2025-09-11T18:59:25.780Z"",""createdBy"":""GUI Test Studio"",""testCreated"":true}","[""cmffrvptd04ciglv3g39gcjx5"",""cmffrvpvh04cmglv38xbq2qbk"",""cmffrvpy704cqglv3khyu353h""]"
cmffs3w9204d3glv3fd65jc7h,Task Test Product 1757617548770,"Product created by Task Creation Test Suite at 9/11/2025, 3:05:48 PM","{""createdBy"":""TaskTestSuite"",""timestamp"":1757617548770,""testCreated"":true}","[""cmffs3wa904dbglv3mtjp8o6y"",""cmffseqqr04eoglv3i9trbmuq""]"
cmffsi2je04hsglv3ny1acnog,E-Commerce Platform - EDITED,Complete online shopping solution with advanced features [UPDATED by GUI Test Studio at 3:17:37 PM] - This product has been comprehensively updated with all available attributes modified for thorough testing.,"{""version"":""v1.0"",""editedBy"":""GUI Test Studio"",""editCount"":1,""lastEdited"":""2025-09-11T19:17:37.032Z"",""editTimestamp"":1757618257032,""testAttributes"":{""testType"":""full-attribute-edit"",""comprehensive"":true,""allFieldsModified"":true},""testEnvironment"":""GUI Test Studio""}","[""cmffsi2ox04i8glv36yrl6mln"",""cmffsi2q804icglv3e5olnigb"",""cmffsi2rb04igglv3oovi1908"",""cmffskg2504tiglv3x3fc8c9b"",""cmffsmcyh04unglv38a81pqi5""]"
cmffsi2ke04hvglv3qdorcwtg,Mobile Banking Application,Secure mobile banking app with biometric authentication,{},"[""cmffsi2sj04ikglv3223n0i2j"",""cmffsi2t504ioglv3fvdqy0yk"",""cmffsi2tr04isglv3tj855bim""]"
cmffsi2lo04hyglv3v6gnvpo7,Customer Relationship Management,Comprehensive CRM system for sales and support teams,{},"[""cmffsi2v404iwglv3jkfol96z"",""cmffsi2vq04j0glv3iir488my"",""cmffsi2wc04j4glv3abezcn7d""]"
cmffsi2mq04i1glv3yoa2yre6,Business Intelligence Dashboard,Advanced analytics and reporting platform,{},"[""cmffsi2wv04j8glv30gk6epv7"",""cmffsi2xk04jcglv3rft3g9as"",""cmffsi2y604jgglv3bou5xk47""]"
cmffsi2ns04i4glv3fva5sa3a,Healthcare Management System,Complete healthcare management solution with compliance features,{},"[""cmffsi2yp04jkglv3ueiv2qil"",""cmffsi2zc04joglv327zvgcey"",""cmffsi30504jsglv3jracbu69""]"
cmffsi7zy04rrglv3r4wfpvmx,Test Product 1757618215744,This is a test product created by the GUI Test Studio for validation purposes.,"{""status"":""active"",""category"":""Test Category"",""priority"":""High"",""createdAt"":""2025-09-11T19:16:55.744Z"",""createdBy"":""GUI Test Studio"",""testCreated"":true}","[""cmffsi85u04rzglv31ev1uydw"",""cmffsi87z04s3glv3hxnzt8al"",""cmffsi89h04s7glv3atjdfp09""]"
cmffsj1l804skglv354a87yo4,Test Product 1757618254316,This is a test product created by the GUI Test Studio for validation purposes.,"{""status"":""active"",""category"":""Test Category"",""priority"":""High"",""createdAt"":""2025-09-11T19:17:34.316Z"",""createdBy"":""GUI Test Studio"",""testCreated"":true}","[""cmffsj1s904ssglv3lmdd2k6j"",""cmffsj1vs04swglv3waqlwtf3"",""cmffsj1xm04t0glv3jqgpja5q""]"
cmffsnjpk04v6glv3zrcf5p4g,Fresh Task Test Product 1757618465642,"Fresh product created by Task Creation Test Suite at 9/11/2025, 3:21:05 PM - Ensures 100% available weight capacity","{""createdBy"":""TaskTestSuite"",""timestamp"":1757618465642,""testCreated"":true,""freshProduct"":true}","[""cmffsnjrk04veglv3pkgvmjx6""]"
cmffsp5t004wnglv3fqq86u7w,TestPanel Validation Product 1757618540927,"Product created for TestPanelNew validation at 9/11/2025, 3:22:20 PM","{""createdBy"":""TestPanelValidator"",""timestamp"":1757618540927,""testCreated"":true,""validationTest"":true}",[]
cmffsro5l04wqglv35ukgcc8z,TestPanel Validation Product 1757618658030,"Product created for TestPanelNew validation at 9/11/2025, 3:24:18 PM","{""createdBy"":""TestPanelValidator"",""timestamp"":1757618658030,""testCreated"":true,""validationTest"":true}",[]
cmffssjrx04wtglv3adbfy9ld,TestPanel Validation Product 1757618699006,"Product created for TestPanelNew validation at 9/11/2025, 3:24:59 PM","{""createdBy"":""TestPanelValidator"",""timestamp"":1757618699006,""testCreated"":true,""validationTest"":true}","[""cmffssjso04wxglv3grmo5h93""]"
cmffsspeq04x4glv3n730u5xd,Fresh Task Test Product 1757618706303,"Fresh product created by Task Creation Test Suite at 9/11/2025, 3:25:06 PM - Ensures 100% available weight capacity","{""createdBy"":""TaskTestSuite"",""timestamp"":1757618706303,""testCreated"":true,""freshProduct"":true}","[""cmffsspg404xcglv3psbenqpe""]"
cmffstyxr0518glv30kbeh2zk,E-Commerce Platform - EDITED,Complete online shopping solution with advanced features [UPDATED by GUI Test Studio at 3:26:20 PM] - This product has been comprehensively updated with all available attributes modified for thorough testing.,"{""version"":""v1.0"",""editedBy"":""GUI Test Studio"",""editCount"":1,""lastEdited"":""2025-09-11T19:26:20.548Z"",""editTimestamp"":1757618780548,""testAttributes"":{""testType"":""full-attribute-edit"",""comprehensive"":true,""allFieldsModified"":true},""testEnvironment"":""GUI Test Studio""}","[""cmffstz3x051oglv3w3pebid0"",""cmffstz4q051sglv3t5pwuruq"",""cmffstz5c051wglv3htjplujq""]"
cmffstyz7051bglv3zb0zrvws,Mobile Banking Application,Secure mobile banking app with biometric authentication,{},"[""cmffstz650520glv31h485bx7"",""cmffstz6r0524glv3v6mvfe8v"",""cmffstz7i0528glv35bw8qomt""]"
cmffstz0n051eglv3crzk3ho3,Customer Relationship Management,Comprehensive CRM system for sales and support teams,{},"[""cmffstz8l052cglv3x45nf4eh"",""cmffstz95052gglv3tdkc4v8w"",""cmffstz9t052kglv3txv2r5md""]"
cmffstz1p051hglv3c20f5omi,Business Intelligence Dashboard,Advanced analytics and reporting platform,{},"[""cmffstzah052oglv3xggk2uzy"",""cmffstzb8052sglv3kpuu80mn"",""cmffstzby052wglv3f1optuag""]"
cmffstz2v051kglv36t5dcay2,Healthcare Management System,Complete healthcare management solution with compliance features,{},"[""cmffstzcq0530glv3vymkmgrw"",""cmffstzdg0534glv3jbcl9rn3"",""cmffstze90538glv3w0qa96r5""]"
cmffsu9oz05b7glv3gpqwziti,Test Product 1757618778051,This is a test product created by the GUI Test Studio for validation purposes.,"{""status"":""active"",""category"":""Test Category"",""priority"":""High"",""createdAt"":""2025-09-11T19:26:18.051Z"",""createdBy"":""GUI Test Studio"",""testCreated"":true}","[""cmffsu9rf05bfglv30a1fkcm9"",""cmffsu9sy05bjglv30nn1txxw"",""cmffsu9uf05bnglv32fkj6032""]"
cmffsv7iu05c0glv3y7uc0tk5,Test Product 1757618821896 - EDITED,This is a test product created by the GUI Test Studio for validation purposes. [UPDATED by GUI Test Studio at 3:27:04 PM] - This product has been comprehensively updated with all available attributes modified for thorough testing.,"{""status"":""active"",""version"":""v1.0"",""category"":""Test Category"",""editedBy"":""GUI Test Studio"",""priority"":""High"",""createdAt"":""2025-09-11T19:27:01.896Z"",""createdBy"":""GUI Test Studio"",""editCount"":1,""lastEdited"":""2025-09-11T19:27:04.037Z"",""testCreated"":true,""editTimestamp"":1757618824037,""testAttributes"":{""testType"":""full-attribute-edit"",""comprehensive"":true,""allFieldsModified"":true},""testEnvironment"":""GUI Test Studio""}","[""cmffsv7nn05c8glv3aku07k23"",""cmffsv7pe05ccglv3zj1rsznu"",""cmffsv7qq05cgglv3h413asxd""]"
cmffsxl5u05cwglv3l4g993j7,Fresh Task Test Product 1757618934083,"Fresh product created by Task Creation Test Suite at 9/11/2025, 3:28:54 PM - Ensures 100% available weight capacity","{""createdBy"":""TaskTestSuite"",""timestamp"":1757618934083,""testCreated"":true,""freshProduct"":true}","[""cmffsxl7405d4glv3cakm90zh""]"
cmffsxqlu05edglv32n15qqw4,TestPanel Validation Product 1757618941133,"Product created for TestPanelNew validation at 9/11/2025, 3:29:01 PM","{""createdBy"":""TestPanelValidator"",""timestamp"":1757618941133,""testCreated"":true,""validationTest"":true}","[""cmffsxqmn05ehglv3rgguqvuw""]"
cmffszedo05eoglv3jeka34i6,Interference Test Product 1757619018540,"Product for interference testing created at 9/11/2025, 3:30:18 PM","{""timestamp"":1757619018540,""testCreated"":true,""interferenceTest"":true}","[""cmffszeey05esglv3ylan1o3j""]"
cmffszegb05ezglv35dzx2hy4,Product Operation Test 1757619018727,Product 1 created during interference testing,"{""index"":0,""operationTest"":true}","[""cmffszegq05f3glv30tjqkbiv""]"
cmffszeh905f6glv34rlr4l0m,Product Operation Test 1757619018763,Product 2 created during interference testing,"{""index"":1,""operationTest"":true}","[""cmffszehp05faglv3lrawxksg""]"
cmfft1jfc05ilglv3cyl6k3fk,Fresh Task Test Product 1757619118442,"Fresh product created by Task Creation Test Suite at 9/11/2025, 3:31:58 PM - Ensures 100% available weight capacity","{""createdBy"":""TaskTestSuite"",""timestamp"":1757619118442,""testCreated"":true,""freshProduct"":true}",[]
cmfft26pg05ioglv394j4wxw6,Fresh Task Test Product 1757619148620,"Fresh product created by Task Creation Test Suite at 9/11/2025, 3:32:28 PM - Ensures 100% available weight capacity","{""createdBy"":""TaskTestSuite"",""timestamp"":1757619148620,""testCreated"":true,""freshProduct"":true}","[""cmfft26r705iwglv30afldpab""]"
cmfft27iq05k5glv3xvl6lxo3,Fresh Task Test Product 1757619149678,"Fresh product created by Task Creation Test Suite at 9/11/2025, 3:32:29 PM - Ensures 100% available weight capacity","{""createdBy"":""TaskTestSuite"",""timestamp"":1757619149678,""testCreated"":true,""freshProduct"":true}","[""cmfft27k805kdglv3fmyuiw6a""]"
cmfft28a705lmglv3wphfvmnc,Fresh Task Test Product 1757619150670,"Fresh product created by Task Creation Test Suite at 9/11/2025, 3:32:30 PM - Ensures 100% available weight capacity","{""createdBy"":""TaskTestSuite"",""timestamp"":1757619150670,""testCreated"":true,""freshProduct"":true}","[""cmfft28bm05luglv39f5iofvc""]"
cmfft3lm605n3glv3hqkp4sf1,Single Task Product 1757619214569,Product for isolation testing: Single Task Product,"{""timestamp"":1757619214569,""testCreated"":true,""isolationTest"":true}","[""cmfft3lnh05n7glv3aewyv4yp""]"
cmfft3los05neglv37lxd4otj,Sequential Tasks Product 1757619214728,Product for isolation testing: Sequential Tasks Product,"{""timestamp"":1757619214728,""testCreated"":true,""isolationTest"":true}","[""cmfft3lp905niglv37nv3l97l""]"
cmfft3lt305nxglv3v74qt5zo,Environment Product 1 1757619214883,Product for isolation testing: Environment Product 1,"{""timestamp"":1757619214883,""testCreated"":true,""isolationTest"":true}","[""cmfft3ltl05o1glv3slbmze0w""]"
cmfft3lty05o4glv3o858bcms,Environment Product 2 1757619214915,Product for isolation testing: Environment Product 2,"{""timestamp"":1757619214915,""testCreated"":true,""isolationTest"":true}","[""cmfft3lug05o8glv3i13up4wx""]"
cmfft3lut05obglv357rn0qoy,Environment Product 3 1757619214946,Product for isolation testing: Environment Product 3,"{""timestamp"":1757619214946,""testCreated"":true,""isolationTest"":true}","[""cmfft3lv705ofglv3osffhfej""]"
cmfft3lz805oqglv380r39bvx,Rapid Succession Product 1757619215105,Product for isolation testing: Rapid Succession Product,"{""timestamp"":1757619215105,""testCreated"":true,""isolationTest"":true}","[""cmfft3lzn05ouglv3huxguk7v""]"
cmfft5g6k05p9glv34zxz2brw,Single Task Product 1757619300836,Product for isolation testing: Single Task Product,"{""timestamp"":1757619300836,""testCreated"":true,""isolationTest"":true}","[""cmfft5g8605pdglv3t9m4v2iv""]"
cmfft5g9y05pkglv31mf7x6i4,Sequential Tasks Product 1757619301025,Product for isolation testing: Sequential Tasks Product,"{""timestamp"":1757619301025,""testCreated"":true,""isolationTest"":true}","[""cmfft5gag05poglv32rcktxxu""]"
cmfft5gdw05q3glv30n6r3hxm,Environment Product 1 1757619301166,Product for isolation testing: Environment Product 1,"{""timestamp"":1757619301166,""testCreated"":true,""isolationTest"":true}","[""cmfft5gei05q7glv371t0w0s8""]"
cmfft5gf105qaglv3xr0xssto,Environment Product 2 1757619301209,Product for isolation testing: Environment Product 2,"{""timestamp"":1757619301209,""testCreated"":true,""isolationTest"":true}","[""cmfft5gfk05qeglv3otxg4h3m""]"
cmfft5gg805qhglv3y29ngi2j,Environment Product 3 1757619301250,Product for isolation testing: Environment Product 3,"{""timestamp"":1757619301250,""testCreated"":true,""isolationTest"":true}","[""cmfft5ggv05qlglv3t1b2m6m7""]"
cmfft5gng05qwglv3twqlyrch,Rapid Succession Product 1757619301511,Product for isolation testing: Rapid Succession Product,"{""timestamp"":1757619301511,""testCreated"":true,""isolationTest"":true}","[""cmfft5go505r0glv33v858q6z""]"
cmfft91t305rfglv3zgf027sl,Basic Test Product Iter1 1757619468799,Cumulative testing product for iteration 1,{},"[""cmfft91uh05rjglv3ci1awwpb""]"
cmfft91w705rqglv33dgnu11p,Multi Task Product Iter1 1757619469010,Cumulative testing product for iteration 1,{},"[""cmfft91ws05ruglv3eiw37dz0""]"
cmfft91zr05s9glv3cvdqol31,Rapid Product Iter1 1757619469138,Cumulative testing product for iteration 1,{},"[""cmfft920h05sdglv3ebja91uj""]"
cmfft92u105smglv3ahi9t3ue,Basic Test Product Iter2 1757619470228,Cumulative testing product for iteration 2,{},"[""cmfft92uh05sqglv36afjvkgx""]"
cmfft92vn05sxglv3e0xyglbo,Multi Task Product Iter2 1757619470287,Cumulative testing product for iteration 2,{},"[""cmfft92w305t1glv387ep6mc7""]"
cmfft92yc05tgglv3tpj6a9vv,Rapid Product Iter2 1757619470385,Cumulative testing product for iteration 2,{},"[""cmfft92yq05tkglv33gza0i14""]"
cmfft93rg05tvglv3xxh1w1nu,Basic Test Product Iter3 1757619471433,Cumulative testing product for iteration 3,{},"[""cmfft93rw05tzglv3cm5hvvte""]"
cmfft93su05u6glv3ygtryj5y,Multi Task Product Iter3 1757619471482,Cumulative testing product for iteration 3,{},"[""cmfft93t805uaglv3u8w2mifc""]"
cmfft93vb05upglv3upgbshik,Rapid Product Iter3 1757619471573,Cumulative testing product for iteration 3,{},"[""cmfft93vq05utglv3magtztv9""]"
cmfft94oh05v4glv3xvgqoky5,Basic Test Product Iter4 1757619472621,Cumulative testing product for iteration 4,{},"[""cmfft94ov05v8glv38yagd3si""]"
cmfft94pt05vfglv3ipay3bcm,Multi Task Product Iter4 1757619472670,Cumulative testing product for iteration 4,{},"[""cmfft94q605vjglv3dua9vsnm""]"
cmfft94s005vyglv38x83q0be,Rapid Product Iter4 1757619472750,Cumulative testing product for iteration 4,{},"[""cmfft94sc05w2glv3mnk8qbqv""]"
cmfft95lf05wdglv3cnxg42ly,Basic Test Product Iter5 1757619473808,Cumulative testing product for iteration 5,{},"[""cmfft95m005whglv3u0u85d22""]"
cmfft95n105woglv3lc8iwf56,Multi Task Product Iter5 1757619473866,Cumulative testing product for iteration 5,{},"[""cmfft95nf05wsglv33bw60rcb""]"
cmfft95po05x7glv3u0twg3nk,Rapid Product Iter5 1757619473961,Cumulative testing product for iteration 5,{},"[""cmfft95q105xbglv33kr3w5kg""]"
cmfft9eos05xmglv3kfg4e4mc,Fresh Task Test Product 1757619485562,"Fresh product created by Task Creation Test Suite at 9/11/2025, 3:38:05 PM - Ensures 100% available weight capacity","{""createdBy"":""TaskTestSuite"",""timestamp"":1757619485562,""testCreated"":true,""freshProduct"":true}","[""cmfft9eq005xuglv347vyxqm2""]"
cmfftawcf05yzglv3png7fba5,Standalone Product STANDALONE 1757619555054,Testing product for STANDALONE execution,{},"[""cmfftawdv05z3glv3jp2l6vsr""]"
cmfftawhj05zmglv35rfot2c6,Standalone Rapid Product STANDALONE 1757619555316,Testing product for STANDALONE execution,{},"[""cmfftawi405zqglv3e20o11ae""]"
cmfftaxbb0601glv3d619y8zn,Comprehensive Product 1 COMPREHENSIVE 1757619556386,Testing product for COMPREHENSIVE execution,{},"[""cmfftaxbt0605glv3gcice837""]"
cmfftaxdf060cglv3b2m1j8ie,Comprehensive Product 2 COMPREHENSIVE 1757619556464,Testing product for COMPREHENSIVE execution,{},"[""cmfftaxe1060gglv3hgz7s2mj""]"
cmfftaxf8060nglv3s0danlax,Comprehensive Product 3 COMPREHENSIVE 1757619556529,Testing product for COMPREHENSIVE execution,{},"[""cmfftaxfu060rglv39mvdahkq""]"
cmfftaxhb060yglv38iocks3w,Comprehensive Product 4 COMPREHENSIVE 1757619556603,Testing product for COMPREHENSIVE execution,{},"[""cmfftaxhw0612glv3hcbkiga0""]"
cmfftaxjl0619glv3a9e8wblf,Comprehensive Sequential Product COMPREHENSIVE 1757619556686,Testing product for COMPREHENSIVE execution,{},"[""cmfftaxjy061dglv3crvzjvky""]"
cmfftaxmg061sglv36dbt9vbj,Comprehensive Rapid Product COMPREHENSIVE 1757619556790,Testing product for COMPREHENSIVE execution,{},"[""cmfftaxn2061wglv3u4phpj5f""]"
cmfftcvpj0000glkgd9lqya3c,Standalone Product STANDALONE 1757619647466,Testing product for STANDALONE execution,{},"[""cmfftcvv10004glkg8wlhebe1""]"
cmfftcvz1000nglkgom03q9rl,Standalone Rapid Product STANDALONE 1757619647961,Testing product for STANDALONE execution,{},"[""cmfftcvzh000rglkggdv06s1t""]"
cmfftcwt3000yglkg6vfk63vw,Comprehensive Product 1 COMPREHENSIVE 1757619649041,Testing product for COMPREHENSIVE execution,{},"[""cmfftcwtq0012glkgtzh8f2co""]"
cmfftcwv10019glkgbvkhjw71,Comprehensive Product 2 COMPREHENSIVE 1757619649114,Testing product for COMPREHENSIVE execution,{},"[""cmfftcwvj001dglkg4ud5j24x""]"
cmfftcwwj001kglkgd8thvypt,Comprehensive Product 3 COMPREHENSIVE 1757619649167,Testing product for COMPREHENSIVE execution,{},"[""cmfftcwx0001oglkg499gdjd2""]"
cmfftcwxy001vglkgjyrnr75e,Comprehensive Product 4 COMPREHENSIVE 1757619649218,Testing product for COMPREHENSIVE execution,{},"[""cmfftcwye001zglkg1edbgiq4""]"
cmfftcwzd0026glkgatduxv9f,Comprehensive Sequential Product COMPREHENSIVE 1757619649270,Testing product for COMPREHENSIVE execution,{},"[""cmfftcwzv002aglkgo7afgppe""]"
cmfftcx27002pglkgney0l41g,Comprehensive Rapid Product COMPREHENSIVE 1757619649372,Testing product for COMPREHENSIVE execution,{},"[""cmfftcx2l002tglkg35d9oco1""]"
cmfftcx65003eglkg5c9obixm,Comprehensive Complex Product COMPREHENSIVE 1757619649514,Testing product for COMPREHENSIVE execution,{},"[""cmfftcx6q003iglkgkpnc7u95""]"
cmfftd41t0045glkg9qkp9xdo,Basic Test Product Iter1 1757619658353,Cumulative testing product for iteration 1,{},"[""cmfftd4380049glkg8rlpleoy""]"
cmfftd44e004gglkggwmgtawo,Multi Task Product Iter1 1757619658522,Cumulative testing product for iteration 1,{},"[""cmfftd44u004kglkgov4fou8m""]"
cmfftd476004zglkgmzrjp020,Rapid Product Iter1 1757619658621,Cumulative testing product for iteration 1,{},"[""cmfftd47n0053glkglijcf516""]"
cmfftd58n005oglkg1eyxwtn3,Basic Test Product Iter2 1757619659971,Cumulative testing product for iteration 2,{},"[""cmfftd59j005sglkgwyaqqqhn""]"
cmfftd5aw005zglkgstwejbig,Multi Task Product Iter2 1757619660053,Cumulative testing product for iteration 2,{},"[""cmfftd5bd0063glkgb6pws5lj""]"
cmfftd5dy006iglkgi3nkmp84,Rapid Product Iter2 1757619660163,Cumulative testing product for iteration 2,{},"[""cmfftd5ee006mglkg65fdjzd8""]"
cmfftd6bj0077glkgsjptmz6w,Basic Test Product Iter3 1757619661372,Cumulative testing product for iteration 3,{},"[""cmfftd6bz007bglkgpykrnrgi""]"
cmfftd6d4007iglkgvzw7mdji,Multi Task Product Iter3 1757619661428,Cumulative testing product for iteration 3,{},"[""cmfftd6dk007mglkg1g434rio""]"
cmfftd6g00081glkgeu3ykhjc,Rapid Product Iter3 1757619661533,Cumulative testing product for iteration 3,{},"[""cmfftd6gh0085glkgzswzgst3""]"
cmfftd7dd008qglkg8ip6t1lv,Basic Test Product Iter4 1757619662733,Cumulative testing product for iteration 4,{},"[""cmfftd7dy008uglkg0048v33w""]"
cmfftd7f40091glkg6guggn24,Multi Task Product Iter4 1757619662796,Cumulative testing product for iteration 4,{},"[""cmfftd7fr0095glkgihpgrgpe""]"
cmfftd7il009kglkgz3c3ugzl,Rapid Product Iter4 1757619662923,Cumulative testing product for iteration 4,{},"[""cmfftd7j3009oglkgw8qtromr""]"
cmfftd8fv00a9glkgk9ojruma,Basic Test Product Iter5 1757619664119,Cumulative testing product for iteration 5,{},"[""cmfftd8g800adglkgtnb4dsq2""]"
cmfftd8h900akglkggy4ep51u,Multi Task Product Iter5 1757619664169,Cumulative testing product for iteration 5,{},"[""cmfftd8hp00aoglkgzin6lken""]"
cmfftd8ke00b3glkgwpvbylau,Rapid Product Iter5 1757619664282,Cumulative testing product for iteration 5,{},"[""cmfftd8kw00b7glkg8s8dqwu4""]"
cmfftdeaa00bqglkgh1zun7ux,Fresh Task Test Product 1757619671652,"Fresh product created by Task Creation Test Suite at 9/11/2025, 3:41:11 PM - Ensures 100% available weight capacity","{""createdBy"":""TaskTestSuite"",""timestamp"":1757619671652,""testCreated"":true,""freshProduct"":true}","[""cmfftdebr00byglkg98ret2r8""]"
cmfftejo70091glw6c0kfcl1k,E-Commerce Platform - EDITED - EDITED,Complete online shopping solution with advanced features [UPDATED by GUI Test Studio at 3:42:25 PM] - This product has been comprehensively updated with all available attributes modified for thorough testing. [UPDATED by GUI Test Studio at 3:54:41 PM] - This product has been comprehensively updated with all available attributes modified for thorough testing.,"{""version"":""v2.0"",""editedBy"":""GUI Test Studio"",""editCount"":2,""lastEdited"":""2025-09-11T19:54:41.452Z"",""editTimestamp"":1757620481452,""testAttributes"":{""testType"":""full-attribute-edit"",""comprehensive"":true,""allFieldsModified"":true},""testEnvironment"":""GUI Test Studio""}","[""cmfftejzg009hglw6rpmwizbs"",""cmfftek07009lglw6ixc6syne"",""cmfftek15009pglw6sxsl0szc""]"
cmfftejtk0094glw6ojloobgf,Mobile Banking Application,Secure mobile banking app with biometric authentication,{},"[""cmfftek26009tglw6d55icnlg"",""cmfftek3a009xglw69v6v3axy"",""cmfftek4500a1glw6eqfam6ge""]"
cmfftejvz0097glw6ulj3ox88,Customer Relationship Management,Comprehensive CRM system for sales and support teams,{},"[""cmfftek5500a5glw615lqe660"",""cmfftek6c00a9glw6pcfnbxh4"",""cmfftek7f00adglw6z33n5so6""]"
cmfftejxh009aglw694ol88r8,Business Intelligence Dashboard,Advanced analytics and reporting platform,{},"[""cmfftek8900ahglw6wcq015b3"",""cmfftek9a00alglw6wffhcnp8"",""cmfftekac00apglw6otghuc4p""]"
cmfftejyh009dglw6vp4xjvk3,Healthcare Management System,Complete healthcare management solution with compliance features,{},"[""cmfftekbk00atglw6gjdatpl2"",""cmfftekcw00axglw609f8vk87"",""cmffteke200b1glw6k7nhab1u""]"
cmffteyk100j0glw62j7do6cw,Test Product 1757619743363,This is a test product created by the GUI Test Studio for validation purposes.,"{""status"":""active"",""category"":""Test Category"",""priority"":""High"",""createdAt"":""2025-09-11T19:42:23.363Z"",""createdBy"":""GUI Test Studio"",""testCreated"":true}","[""cmffteymw00j8glw6vfc8a05o"",""cmffteyoo00jcglw6zswpspm1"",""cmffteyq600jgglw6s4sq1vul""]"
cmfftjbja00jtglw61o7zhizt,Fresh Task Test Product 1757619948037,"Fresh product created by Task Creation Test Suite at 9/11/2025, 3:45:48 PM - Ensures 100% available weight capacity","{""createdBy"":""TaskTestSuite"",""timestamp"":1757619948037,""testCreated"":true,""freshProduct"":true}","[""cmfftjbkl00k1glw6hts27urj""]"
cmfftlmxq00laglw6wb3ulb9y,Sequence Test Product 1757620056069,Testing sequence number management,{},"[""cmfftlmyy00leglw623jys7r8""]"
cmfftnh0c0000glh4db9n50pv,Sequence Test Product 1757620141599,Testing sequence number management,{},"[""cmfftnh6k0004glh4cyeoex37""]"
cmffto2fx0000gllwws323207,Sequence Test Product 1757620169399,Testing sequence number management,{},"[""cmffto2lz0004gllwet9x3e1x""]"
cmfftoiqy0000glqpt9xy8os0,Sequence Test Product 1757620190545,Testing sequence number management,{},"[""cmfftoiwq0004glqpyxcgd7q2""]"
cmfftpkv1001rglqpzoxq4hsy,Reorder Test Product 1757620240017,Testing sequence reordering,{},"[""cmfftpkw9001vglqpjko5cr5z""]"
cmfftq6cy0000gl3j11i2k5w9,Reorder Test Product 1757620267805,Testing sequence reordering,{},"[""cmfftq6ip0004gl3j4kbqlyxr""]"
cmfftqdob000tgl3jpeg43p1j,Fresh Task Test Product 1757620277400,"Fresh product created by Task Creation Test Suite at 9/11/2025, 3:51:17 PM - Ensures 100% available weight capacity","{""createdBy"":""TaskTestSuite"",""timestamp"":1757620277400,""testCreated"":true,""freshProduct"":true}","[""cmfftqdpr0011gl3jg8dv2nti""]"
cmfftqndi002agl3jfowmniwp,Sequence Test Product 1757620289935,Testing sequence number management,{},"[""cmfftqneu002egl3j7g2odcj2""]"
cmfftszv9003xgljtbgpkeeod,E-Commerce Platform - EDITED,Complete online shopping solution with advanced features [UPDATED by GUI Test Studio at 3:55:35 PM] - This product has been comprehensively updated with all available attributes modified for thorough testing.,"{""version"":""v1.0"",""editedBy"":""GUI Test Studio"",""editCount"":1,""lastEdited"":""2025-09-11T19:55:35.623Z"",""editTimestamp"":1757620535623,""testAttributes"":{""testType"":""full-attribute-edit"",""comprehensive"":true,""allFieldsModified"":true},""testEnvironment"":""GUI Test Studio""}","[""cmfftt023004dgljt2j1897vh"",""cmfftt037004hgljtiyssvtxz"",""cmfftt03t004lgljtfv419s8k""]"
cmfftszzr0040gljts6fde6ce,Mobile Banking Application,Secure mobile banking app with biometric authentication,{},"[""cmfftt04e004pgljtvb2k25ig"",""cmfftt051004tgljtmrwxuag1"",""cmfftt05s004xgljt4ca750tt""]"
cmfftt00g0043gljtu3uzznoa,Customer Relationship Management,Comprehensive CRM system for sales and support teams,{},"[""cmfftt0690051gljtwcdsuxee"",""cmfftt06y0055gljt5hpgs92x"",""cmfftt07m0059gljt0mmlw9d3""]"
cmfftt00y0046gljtlib4sm39,Business Intelligence Dashboard,Advanced analytics and reporting platform,{},"[""cmfftt08b005dgljt7wh94j81"",""cmfftt08v005hgljtywuyv1qy"",""cmfftt09h005lgljt8alw26pk""]"
cmfftt01h0049gljt2u90tpeu,Healthcare Management System,Complete healthcare management solution with compliance features,{},"[""cmfftt0a9005pgljtvgynpfrw"",""cmfftt0c8005tgljty7bxvhuh"",""cmfftt0dt005xgljtzuvqs9nq""]"
cmfftupwd00dwgljtifc03n61,Test Product 1757620478390,This is a test product created by the GUI Test Studio for validation purposes.,"{""status"":""active"",""category"":""Test Category"",""priority"":""High"",""createdAt"":""2025-09-11T19:54:38.390Z"",""createdBy"":""GUI Test Studio"",""testCreated"":true}","[""cmfftuq1x00e4gljtqch7vz9s"",""cmfftuq4e00e8gljt23k2bpjo"",""cmfftuq6b00ecgljtpjmyhaml""]"
cmfftvd6000epgljt6747wdsy,Test Product 1757620508521,This is a test product created by the GUI Test Studio for validation purposes.,"{""status"":""active"",""category"":""Test Category"",""priority"":""High"",""createdAt"":""2025-09-11T19:55:08.521Z"",""createdBy"":""GUI Test Studio"",""testCreated"":true}","[""cmfftvd9b00exgljt8pyj2l9b"",""cmfftvdbn00f1gljthxy959rj"",""cmfftvde300f5gljtn2vd86a4""]"
cmfftvvxn00fhgljtyrbwzrlb,Test Product 1757620532850,This is a test product created by the GUI Test Studio for validation purposes.,"{""status"":""active"",""category"":""Test Category"",""priority"":""High"",""createdAt"":""2025-09-11T19:55:32.850Z"",""createdBy"":""GUI Test Studio"",""testCreated"":true}","[""cmfftvw0q00fpgljtkfaymhoh"",""cmfftvw2g00ftgljtcy63vznk"",""cmfftvw4j00fxgljtuubro20o""]"
cmfftxji800hugljtp7yhmard,E-Commerce Platform,Complete online shopping solution with advanced features,{},"[""cmfftxjnu00iagljtxjii5t70"",""cmfftxjou00iegljt96v82rhj"",""cmfftxjpt00iigljtyac61s3i""]"
cmfftxjj700hxgljtwe29zjp4,Mobile Banking Application,Secure mobile banking app with biometric authentication,{},"[""cmfftxjqx00imgljtec7f8lli"",""cmfftxjry00iqgljt313iwizw"",""cmfftxjss00iugljtk6oupeou""]"
cmfftxjkb00i0gljtbc976qfd,Customer Relationship Management,Comprehensive CRM system for sales and support teams,{},"[""cmfftxjtb00iygljtna43r3t5"",""cmfftxjtv00j2gljtlb8rgbks"",""cmfftxjuh00j6gljtefgg7080""]"
cmfftxjlo00i3gljt4989fanx,Business Intelligence Dashboard,Advanced analytics and reporting platform,{},"[""cmfftxjv600jagljt0v9ciyal"",""cmfftxjvm00jegljt4vb6k6c6"",""cmfftxjw600jigljt83lvdzcb""]"
cmfftxjmj00i6gljtvryv9jng,Healthcare Management System,Complete healthcare management solution with compliance features,{},"[""cmfftxjwr00jmgljtspjr7cu6"",""cmfftxjx700jqgljtti3s0rg8"",""cmfftxjxt00jugljtr4u9lk5o""]"
cmffty25h00rtgljtcoin3gtr,Test Product 1757620634211,This is a test product created by the GUI Test Studio for validation purposes.,"{""status"":""active"",""category"":""Test Category"",""priority"":""High"",""createdAt"":""2025-09-11T19:57:14.211Z"",""createdBy"":""GUI Test Studio"",""testCreated"":true}","[""cmffty29w00s1gljtni616zfu"",""cmffty2c800s5gljth6fxup53"",""cmffty2ed00s9gljttqep111f""]"
cmffu2fju00slgljtubag0b6p,Fresh Task Test Product 1757620839686,"Fresh product created by Task Creation Test Suite at 9/11/2025, 4:00:39 PM - Ensures 100% available weight capacity","{""createdBy"":""TaskTestSuite"",""timestamp"":1757620839686,""testCreated"":true,""freshProduct"":true}","[""cmffu2fn400stgljtfn1k6w29""]"
cmffus8an00w4gljtd4rkldpn,E-Commerce Platform - EDITED - EDITED - EDITED - EDITED - EDITED,Complete online shopping solution with advanced features [UPDATED by GUI Test Studio at 4:20:54 PM] - This product has been comprehensively updated with all available attributes modified for thorough testing. [UPDATED by GUI Test Studio at 4:21:33 PM] - This product has been comprehensively updated with all available attributes modified for thorough testing. [UPDATED by GUI Test Studio at 4:23:25 PM] - This product has been comprehensively updated with all available attributes modified for thorough testing. [UPDATED by GUI Test Studio at 4:23:53 PM] - This product has been comprehensively updated with all available attributes modified for thorough testing. [UPDATED by GUI Test Studio at 4:27:15 PM] - This product has been comprehensively updated with all available attributes modified for thorough testing.,"{""version"":""v5.0"",""editedBy"":""GUI Test Studio"",""editCount"":5,""lastEdited"":""2025-09-11T20:27:15.531Z"",""editTimestamp"":1757622435531,""testAttributes"":{""testType"":""full-attribute-edit"",""comprehensive"":true,""allFieldsModified"":true},""testEnvironment"":""GUI Test Studio""}","[""cmffus8fh00wkgljtkjq59bei"",""cmffus8gi00wogljtufe29fzr"",""cmffus8hk00wsgljtqy99jh2e""]"
cmffus8br00w7gljtoowypwjb,Mobile Banking Application,Secure mobile banking app with biometric authentication,{},"[""cmffus8if00wwgljtuakpfa0a"",""cmffus8j200x0gljt6w027mav"",""cmffus8jl00x4gljtsuf0x3xd""]"
cmffus8cs00wagljt8e4zenmd,Customer Relationship Management,Comprehensive CRM system for sales and support teams,{},"[""cmffus8k600x8gljtw0ofzgkn"",""cmffus8l200xcgljt3ixobouc"",""cmffus8lu00xggljtqhc8u0rl""]"
cmffus8dk00wdgljt0gnslrbq,Business Intelligence Dashboard,Advanced analytics and reporting platform,{},"[""cmffus8ml00xkgljt84v36f7h"",""cmffus8n300xogljt7xjmvnt3"",""cmffus8nr00xsgljtra6gpscf""]"
cmffus8eg00wggljtqq48jjpq,Healthcare Management System,Complete healthcare management solution with compliance features,{},"[""cmffus8oi00xwgljt1r4qirss"",""cmffus8p800y0gljt899v3th1"",""cmffus8pr00y4gljtvevxns3l""]"
cmffusfsq014vgljt878k4nsm,Test Product 1757622051838,This is a test product created by the GUI Test Studio for validation purposes.,"{""status"":""active"",""category"":""Test Category"",""priority"":""High"",""createdAt"":""2025-09-11T20:20:51.838Z"",""createdBy"":""GUI Test Studio"",""testCreated"":true}","[""cmffusfwo0153gljtlcsphg5e"",""cmffusfyb0157gljt8nwumrg6"",""cmffusg0a015bgljt3smiy7jh""]"
cmffuta5z015mgljt0ha15hso,Test Product 1757622091189,This is a test product created by the GUI Test Studio for validation purposes.,"{""status"":""active"",""category"":""Test Category"",""priority"":""High"",""createdAt"":""2025-09-11T20:21:31.189Z"",""createdBy"":""GUI Test Studio"",""testCreated"":true}","[""cmffuta8p015ugljt5te2zelm"",""cmffutaa7015ygljtoabjtg0a"",""cmffutabx0162gljt92iw0fzb""]"
cmffuvoa7016dgljthab3v40o,Test Product 1757622202797,This is a test product created by the GUI Test Studio for validation purposes.,"{""status"":""active"",""category"":""Test Category"",""priority"":""High"",""createdAt"":""2025-09-11T20:23:22.797Z"",""createdBy"":""GUI Test Studio"",""testCreated"":true}","[""cmffuvocr016lgljthsqwnk6z"",""cmffuvoea016pgljt0g08xii8"",""cmffuvog2016tgljtcfmvt63x""]"
cmffuwa4q0174gljtlrfvsae4,Test Product 1757622231117,This is a test product created by the GUI Test Studio for validation purposes.,"{""status"":""active"",""category"":""Test Category"",""priority"":""High"",""createdAt"":""2025-09-11T20:23:51.117Z"",""createdBy"":""GUI Test Studio"",""testCreated"":true}","[""cmffuwa79017cgljt7vwp8l50"",""cmffuwa91017ggljti7r2dhkz"",""cmffuwaaq017kgljtm7lk2309""]"
cmffv0ayw0197gljtop3j3lnn,E-Commerce Platform,Complete online shopping solution with advanced features,"{""version"":""v1.0"",""editedBy"":""GUI Test Studio"",""editCount"":1,""lastEdited"":""2025-09-11T20:27:47.790Z"",""editTimestamp"":1757622467790,""testAttributes"":{""testType"":""full-attribute-edit"",""comprehensive"":true,""allFieldsModified"":true},""testEnvironment"":""GUI Test Studio""}","[""cmffv0b3u019ngljtyaidlqxm"",""cmffv0b53019rgljtorfeta35"",""cmffv0b69019vgljthmojbx2a""]"
cmffv0azl019agljtcpov1k9a,Mobile Banking Application,Secure mobile banking app with biometric authentication,{},"[""cmffv0b78019zgljt02d1udr9"",""cmffv0b7t01a3gljtaayhooc9"",""cmffv0b8f01a7gljtignp27ra""]"
cmffv0b0q019dgljtq0fe0yq6,Customer Relationship Management,Comprehensive CRM system for sales and support teams,{},"[""cmffv0b9001abgljtv5wxabjf"",""cmffv0b9n01afgljtsys3i3s7"",""cmffv0ba801ajgljt4cl5rv94""]"
cmffv0b1q019ggljt25qzexks,Business Intelligence Dashboard,Advanced analytics and reporting platform,{},"[""cmffv0bap01angljth6fyfhka"",""cmffv0bbb01argljt37uv3fk3"",""cmffv0bbx01avgljtfevtefgg""]"
cmffv0b2p019jgljtwg85v6es,Healthcare Management System,Complete healthcare management solution with compliance features,{},"[""cmffv0bd801azgljt45vbto3k"",""cmffv0be901b3gljtiz3d8zci"",""cmffv0bfk01b7gljt253mg5m2""]"
cmffv0lo701j6gljtn8r8t7ls,Test Product 1757622432409,This is a test product created by the GUI Test Studio for validation purposes.,"{""status"":""active"",""category"":""Test Category"",""priority"":""High"",""createdAt"":""2025-09-11T20:27:12.409Z"",""createdBy"":""GUI Test Studio"",""testCreated"":true}","[""cmffv0lu701jegljtxy3p794j"",""cmffv0lvz01jigljt218e2fsw"",""cmffv0lxs01jmgljtr5f0p8eq""]"
cmffv1aql01jzgljtkzjdxvc3,Test Product 1757622465157,This is a test product created by the GUI Test Studio for validation purposes.,"{""status"":""active"",""category"":""Test Category"",""priority"":""High"",""createdAt"":""2025-09-11T20:27:45.157Z"",""createdBy"":""GUI Test Studio"",""testCreated"":true}","[""cmffv1auu01k7gljt351vlqub"",""cmffv1awl01kbgljtopk797bp"",""cmffv1ay601kfgljtcg8wo9ht""]"
cmfg5ml07001mglzwuxkhcdaw,E-Commerce Platform,Complete online shopping solution with advanced features,{},[]
cmfg5ml0y001pglzw635r66vc,Mobile Banking Application,Secure mobile banking app with biometric authentication,{},[]
cmfg5ml1q001sglzwcre5fhhq,Customer Relationship Management,Comprehensive CRM system for sales and support teams,{},[]
cmfg5ml2p001vglzw7pu8ldlw,Business Intelligence Dashboard,Advanced analytics and reporting platform,{},[]
cmfg5ml3l001yglzwchxvyxsi,Healthcare Management System,Complete healthcare management solution with compliance features,{},[]
cmfg5s44z0008glitcieb4cqx,E-Commerce Platform - EDITED - EDITED,Complete online shopping solution with advanced features [UPDATED by GUI Test Studio at 6:17:16 PM] - This product has been comprehensively updated with all available attributes modified for thorough testing. [UPDATED by GUI Test Studio at 6:40:29 PM] - This product has been comprehensively updated with all available attributes modified for thorough testing.,"{""version"":""v2.0"",""editedBy"":""GUI Test Studio"",""editCount"":2,""lastEdited"":""2025-09-17T22:40:29.454Z"",""editTimestamp"":1758148829454,""testAttributes"":{""testType"":""full-attribute-edit"",""comprehensive"":true,""allFieldsModified"":true},""testEnvironment"":""GUI Test Studio""}","[""cmfg5s4ad000oglitpruyppqm"",""cmfg5s4bf000sglit1wi2h3an"",""cmfg5s4ck000wglit81v0jw99""]"
cmfg5s45w000bglitbo3f6k7i,Mobile Banking Application,Secure mobile banking app with biometric authentication,{},"[""cmfg5s4dz0010glit6f4q725n"",""cmfg5s4fi0014glito7750dp8"",""cmfg5s4gp0018glitrfmfld7z""]"
cmfg5s46t000eglitmd1zmxis,Customer Relationship Management,Comprehensive CRM system for sales and support teams,{},"[""cmfg5s4hx001cglit4t0eg1c1"",""cmfg5s4j8001gglit62ta615f"",""cmfg5s4jv001kglitn14e043v""]"
cmfg5s47u000hglith0zqs1zg,Business Intelligence Dashboard,Advanced analytics and reporting platform,{},"[""cmfg5s4kg001oglitaathcwxb"",""cmfg5s4l4001sglit8j1hg18o"",""cmfg5s4ls001wglit28bn8g0o""]"
cmfg5s48y000kglitauykgkge,Healthcare Management System,Complete healthcare management solution with compliance features,{},"[""cmfg5s4ml0020glitehiexo5s"",""cmfg5s4n70024glitzn7rko16"",""cmfg5s4ns0028glit2j4kwlih""]"
cmfojkzd40000b2xxzws3aqb3,Test Product 1758147423509,This is a test product created by the GUI Test Studio for validation purposes.,"{""status"":""active"",""category"":""Test Category"",""priority"":""High"",""createdAt"":""2025-09-17T22:17:03.509Z"",""createdBy"":""GUI Test Studio"",""testCreated"":true}","[""cmfojkzkc0008b2xxc2vv450l"",""cmfojkznf000cb2xxpvx1ufvj"",""cmfojkzoy000gb2xxfhskr5be""]"
cmfok6spk0000b276fijuq623,Test Product,This is a test product,"{""bu"":""sbg"",""owner"":""rajarora""}",[]
cmfok8d5m000fb276sang0tld,Test Product for Licenses,Temporary product for license testing,{},"[""cmfok8d63000jb2763bxbezo3"",""cmfok8d6j000nb2761l8ltxuy"",""cmfok8d6x000rb276d2tt270v""]"
cmfok8d7w000ub276wkg3vvvj,Test Product,Description,{},[]
cmfokb4160000b27c2s76b0e8,Test Product for Licenses,Temporary product for license testing,{},"[""cmfokb46p0004b27csm9yq5fs"",""cmfokb4770008b27c8qir9863"",""cmfokb47m000cb27c9azcc6fq""]"
cmfokb48q000fb27cgiu6ihll,Test Product,Description,{},[]
cmfokb4bp000kb27cr6q9bpiv,Update Test Product,Original description,"{""original"":true}",[]
cmfokd2fx0000b2ohkm9a74us,E-Commerce Platform Complete,"Complete e-commerce solution with payment processing, inventory management, and customer portal","{""version"":""2.1"",""features"":[""payments"",""inventory"",""portal""],""priority"":""high"",""department"":""product""}",[]
cmfokd2g20001b2ohn4ll3asj,Mobile Banking Solution,Secure mobile banking application with biometric authentication and real-time fraud detection,"{""compliance"":[""PCI-DSS"",""SOX""],""security_level"":""high"",""target_platform"":""mobile""}",[]
cmfokd2g60002b2ohnrsrklcj,Healthcare Management System,"Comprehensive healthcare management with patient records, appointment scheduling, and billing integration","{""modules"":[""patients"",""appointments"",""billing""],""industry"":""healthcare"",""compliance"":[""HIPAA"",""HL7""]}",[]
prod001,Business Intelligence Dashboard,Advanced analytics and reporting platform with real-time data visualization and automated insights,"{""data_sources"":[""database"",""api"",""files""],""visualization"":true,""analytics_type"":""real-time""}",[]
cmfoke3ka0005b2oh7ejyb2hd,E-Commerce Platform Complete,"Complete e-commerce solution with payment processing, inventory management, and customer portal","{""version"":""2.1"",""features"":[""payments"",""inventory"",""portal""],""priority"":""high"",""department"":""product""}",[]
cmfoke3kh0006b2ohb8csgzo0,Mobile Banking Solution,Secure mobile banking application with biometric authentication and real-time fraud detection,"{""compliance"":[""PCI-DSS"",""SOX""],""security_level"":""high"",""target_platform"":""mobile""}",[]
cmfoke3km0007b2ohwi4jy3eg,Healthcare Management System,"Comprehensive healthcare management with patient records, appointment scheduling, and billing integration","{""modules"":[""patients"",""appointments"",""billing""],""industry"":""healthcare"",""compliance"":[""HIPAA"",""HL7""]}",[]
cmfoke3od000cb2ohvum53gv1,Simple Test Product,A basic test product for validation,"{""test"":true,""priority"":""medium""}",[]
prod-test-123,Update Test Product,This should update if exists or create new,"{""updated"":true,""timestamp"":""2024-01-15""}",[]
cmfokeu4f000fb2ohjazr1h0t,Test Product 1758148816381,This is a test product created by the GUI Test Studio for validation purposes.,"{""status"":""active"",""category"":""Test Category"",""priority"":""High"",""createdAt"":""2025-09-17T22:40:16.381Z"",""createdBy"":""GUI Test Studio"",""testCreated"":true}","[""cmfokeuad000nb2ohrqc7gorn"",""cmfokeug6000rb2ohgaz6d8z8"",""cmfokeuh4000vb2ohak47mqv0""]"
cmfokggv30018b2ohulkp7ogs,License Test Product,Product for license testing,{},"[""cmfokggvp001cb2ohd4esftft"",""cmfokggw6001gb2ohl7qm4kg9"",""cmfokggwk001kb2oh0ao3qys1""]"
cmfokggzq001pb2ohr6p04vq7,Test Product,Test Description,{},[]
cmfokgh06001sb2oh2yjz0lmb,E-Commerce Platform Complete,"Complete e-commerce solution with payment processing, inventory management, and customer portal","{""version"":""2.1"",""features"":[""payments"",""inventory"",""portal""],""priority"":""high"",""department"":""product""}",[]
cmfokgh0d001tb2ohlgi55fmm,Mobile Banking Solution,Secure mobile banking application with biometric authentication and real-time fraud detection,"{""compliance"":[""PCI-DSS"",""SOX""],""security_level"":""high"",""target_platform"":""mobile""}",[]
cmfokgh0j001ub2ohiywhfo7m,Healthcare Management System,"Comprehensive healthcare management with patient records, appointment scheduling, and billing integration","{""modules"":[""patients"",""appointments"",""billing""],""industry"":""healthcare"",""compliance"":[""HIPAA"",""HL7""]}",[]
cmfokix7a001zb2ohhbg5xy6m,E-Commerce Platform Complete,"Complete e-commerce solution with payment processing, inventory management, and customer portal","{""version"":""2.1"",""features"":[""payments"",""inventory"",""portal""],""priority"":""high"",""department"":""product""}",[]
cmfokix7f0020b2ohiwptj7rv,Mobile Banking Solution,Secure mobile banking application with biometric authentication and real-time fraud detection,"{""compliance"":[""PCI-DSS"",""SOX""],""security_level"":""high"",""target_platform"":""mobile""}",[]
cmfokix7i0021b2ohspkocwsp,Healthcare Management System,"Comprehensive healthcare management with patient records, appointment scheduling, and billing integration","{""modules"":[""patients"",""appointments"",""billing""],""industry"":""healthcare"",""compliance"":[""HIPAA"",""HL7""]}",[]
cmfokix8c0024b2ohf3n107o1,License Association Test Product,Product for license testing,{},[]
cmfokix9w002jb2ohrlefzje1,Final Test Product 1,Complete test with all features and license associations,"{""team"":""engineering"",""version"":""3.0"",""features"":[""auth"",""api"",""billing""],""priority"":""critical""}","[""cmfokix94002cb2ohdok8wxw5""]"
cmfokixa8002kb2ohipnkxq8c,Final Test Product 2,Basic test product with single license,"{""type"":""basic"",""status"":""active""}","[""cmfokix8o0028b2ohpe655sxn""]"
prod-final-001,Updated Final Product,This should update an existing product or create new,"{""updated"":true,""timestamp"":""2024-01-15"",""final_test"":true}","[""cmfokix9f002gb2ohggerqqzr""]"
cmfokixaw002lb2ohwfd87uva,Simple Test Product,No licenses assigned,"{""simple"":true}",[]
cmfoktyj80002b2ginz2uxjgl,E-Commerce Platform,Modern e-commerce platform with advanced features for online retailers,"{""status"":""active"",""version"":""2.1.0"",""category"":""Web Application"",""industry"":""Retail"",""priority"":""High"",""technology"":""React, Node.js, PostgreSQL""}",[]
cmfoktyjs0005b2giripped94,Mobile Banking Application,Secure mobile banking solution with biometric authentication and real-time transactions,"{""status"":""active"",""version"":""3.2.1"",""category"":""Mobile Application"",""industry"":""FinTech"",""priority"":""Critical"",""technology"":""React Native, Node.js""}",[]
cmfoktyk40008b2gi65g90z7r,Customer Relationship Management,Advanced CRM system with AI-powered insights and automation,"{""status"":""development"",""version"":""1.5.3"",""category"":""Business Application"",""industry"":""Business Services"",""priority"":""Medium"",""technology"":""Angular, Spring Boot, MongoDB""}",[]